CASE	SPEAKER	SPEAKERTYPE	SUBJREAL	CONTRAST	GIVENNESS
1	S02	ns	no	no	10
2	S01	nns	no	no	10
3	S01	nns	no	no	10
4	S02	ns	yes	yes	9
5	S02	ns	no	no	10
6	S02	ns	no	no	10
7	S02	ns	yes	no	0
8	S02	ns	no	no	7
9	S02	ns	no	no	10
10	S02	ns	no	no	10
11	S01	nns	no	no	10
12	S01	nns	no	no	10
13	S01	nns	no	no	10
14	S01	nns	yes	no	0
15	S01	nns	no	no	10
16	S02	ns	no	no	9
17	S02	ns	no	no	10
18	S01	nns	no	no	10
19	S02	ns	yes	no	0
20	S01	nns	no	no	10
21	S02	ns	no	no	10
22	S02	ns	no	no	10
23	S02	ns	yes	no	0
24	S02	ns	yes	no	9
25	S02	ns	no	no	10
26	S02	ns	yes	no	0
27	S01	nns	no	no	10
28	S01	nns	yes	no	9
29	S01	nns	no	no	10
30	S02	ns	no	no	10
31	S02	ns	no	no	10
32	S01	nns	no	no	10
33	S01	nns	yes	no	0
34	S02	ns	no	no	10
35	S02	ns	no	no	10
36	S01	nns	no	no	9
37	S02	ns	no	no	10
38	S01	nns	no	no	10
39	S02	ns	no	no	10
40	S01	nns	yes	no	9
41	S01	nns	no	no	10
42	S01	nns	no	no	10
43	S02	ns	no	no	10
44	S01	nns	yes	no	10
45	S02	ns	no	no	10
46	S02	ns	no	no	8
47	S02	ns	no	no	0
48	S01	nns	no	no	10
49	S02	ns	no	no	10
50	S01	nns	no	no	10
51	S01	nns	no	no	0
52	S02	ns	yes	no	0
53	S01	nns	no	no	10
54	S02	ns	no	no	10
55	S02	ns	no	no	10
56	S02	ns	no	no	10
57	S01	nns	no	no	10
58	S01	nns	yes	no	10
59	S01	nns	no	no	10
60	S02	ns	yes	no	10
61	S01	nns	no	no	10
62	S01	nns	yes	no	0
63	S01	nns	no	no	10
64	S02	ns	no	no	10
65	S01	nns	yes	yes	9
66	S01	nns	no	no	10
67	S02	ns	no	no	10
68	S01	nns	no	no	10
69	S01	nns	yes	no	0
70	S01	nns	yes	yes	0
71	S02	ns	yes	yes	0
72	S01	nns	no	no	10
73	S01	nns	no	no	10
74	S02	ns	no	no	10
75	S01	nns	no	no	10
76	S01	nns	no	yes	8
77	S02	ns	no	no	10
78	S01	nns	yes	no	0
79	S01	nns	no	no	10
80	S01	nns	yes	no	0
81	S02	ns	yes	yes	0
82	S01	nns	no	no	10
83	S01	nns	no	no	10
84	S02	ns	yes	no	10
85	S02	ns	no	no	10
86	S02	ns	no	no	10
87	S01	nns	yes	no	10
88	S02	ns	no	no	10
89	S01	nns	yes	no	0
90	S02	ns	no	no	10
91	S02	ns	yes	no	0
92	S02	ns	no	no	10
93	S02	ns	no	no	8
94	S01	nns	no	no	10
95	S02	ns	no	no	10
96	S02	ns	no	no	10
97	S02	ns	no	no	10
98	S02	ns	no	no	8
99	S02	ns	no	no	10
100	S01	nns	no	no	0
101	S02	ns	no	no	10
102	S02	ns	no	no	10
103	S01	nns	yes	yes	10
104	S01	nns	no	no	8
105	S02	ns	no	no	10
106	S01	nns	no	no	10
107	S02	ns	no	no	10
108	S02	ns	no	no	10
109	S02	ns	no	no	10
110	S01	nns	no	no	10
111	S01	nns	yes	no	0
112	S02	ns	no	no	7
113	S01	nns	no	no	10
114	S02	ns	no	no	10
115	S01	nns	no	no	10
116	S01	nns	no	no	10
117	S01	nns	no	no	8
118	S02	ns	no	no	10
119	S01	nns	yes	no	10
120	S02	ns	yes	yes	0
121	S01	nns	no	no	0
122	S02	ns	no	no	10
123	S02	ns	yes	no	7
124	S01	nns	no	no	10
125	S02	ns	no	no	10
126	S01	nns	no	no	0
127	S02	ns	no	no	0
128	S01	nns	no	no	10
129	S02	ns	yes	no	0
130	S02	ns	yes	no	10
131	S01	nns	no	no	10
132	S01	nns	no	no	10
133	S02	ns	yes	no	10
134	S02	ns	no	no	10
135	S02	ns	yes	no	10
136	S01	nns	no	no	7
137	S02	ns	yes	no	0
138	S01	nns	no	no	10
139	S01	nns	yes	yes	3
140	S01	nns	no	no	10
141	S02	ns	yes	no	0
142	S02	ns	no	no	10
143	S02	ns	no	no	10
144	S01	nns	yes	yes	0
145	S01	nns	no	no	8
146	S02	ns	yes	yes	0
147	S01	nns	no	no	6
148	S02	ns	yes	no	10
149	S01	nns	no	no	10
150	S02	ns	no	no	10
151	S02	ns	no	no	10
152	S02	ns	no	no	0
153	S01	nns	yes	no	9
154	S01	nns	no	no	10
155	S01	nns	no	no	10
156	S01	nns	no	no	10
157	S01	nns	no	no	9
158	S01	nns	no	no	10
159	S02	ns	no	no	10
160	S02	ns	no	no	10
161	S01	nns	no	no	10
162	S01	nns	no	no	10
163	S02	ns	no	no	10
164	S01	nns	no	no	9
165	S02	ns	no	no	10
166	S01	nns	no	no	4
167	S02	ns	yes	yes	0
168	S02	ns	no	no	10
169	S02	ns	no	no	4
170	S02	ns	no	no	10
171	S02	ns	no	no	10
172	S01	nns	yes	no	0
173	S02	ns	yes	no	10
174	S02	ns	no	no	10
175	S02	ns	no	no	10
176	S01	nns	no	no	8
177	S02	ns	no	no	0
178	S01	nns	yes	no	10
179	S02	ns	no	no	0
180	S02	ns	no	no	10
181	S02	ns	no	no	9
182	S02	ns	no	no	9
183	S01	nns	no	no	0
184	S02	ns	no	no	1
185	S01	nns	no	no	10
186	S02	ns	no	no	9
187	S02	ns	no	no	10
188	S01	nns	yes	no	9
189	S02	ns	no	no	10
190	S02	ns	no	no	10
191	S01	nns	no	no	0
192	S01	nns	yes	no	0
193	S01	nns	no	no	10
194	S02	ns	no	no	0
195	S02	ns	no	no	10
196	S01	nns	yes	yes	7
197	S02	ns	no	no	10
198	S02	ns	no	yes	10
199	S01	nns	no	no	10
200	S02	ns	no	no	0
201	S02	ns	no	no	10
202	S01	nns	no	no	10
203	S01	nns	no	no	10
204	S02	ns	yes	no	10
205	S02	ns	yes	no	0
206	S01	nns	no	no	9
207	S01	nns	no	no	8
208	S01	nns	yes	no	0
209	S01	nns	no	no	10
210	S02	ns	no	no	9
211	S01	nns	no	no	10
212	S01	nns	no	no	10
213	S01	nns	no	no	10
214	S02	ns	no	no	10
215	S01	nns	no	no	10
216	S02	ns	no	no	10
217	S01	nns	no	no	10
218	S01	nns	no	no	10
219	S01	nns	no	no	0
220	S01	nns	no	no	10
221	S01	nns	no	no	10
222	S02	ns	no	no	9
223	S01	nns	no	no	10
224	S02	ns	no	yes	8
225	S01	nns	yes	no	0
226	S01	nns	no	no	10
227	S01	nns	no	no	10
228	S01	nns	yes	no	0
229	S01	nns	no	no	10
230	S02	ns	no	no	9
231	S02	ns	no	no	10
232	S02	ns	no	no	10
233	S01	nns	yes	no	0
234	S02	ns	no	no	9
235	S01	nns	no	no	9
236	S02	ns	no	no	5
237	S01	nns	no	no	10
238	S01	nns	yes	no	7
239	S02	ns	no	no	6
240	S02	ns	no	no	10
241	S02	ns	no	no	9
242	S01	nns	yes	no	10
243	S02	ns	no	no	10
244	S02	ns	no	no	10
245	S02	ns	yes	no	10
246	S02	ns	no	no	10
247	S01	nns	no	no	10
248	S02	ns	no	no	9
249	S02	ns	no	no	10
250	S02	ns	no	no	10
251	S01	nns	yes	no	0
252	S02	ns	no	no	10
253	S02	ns	yes	yes	10
254	S02	ns	yes	no	0
255	S01	nns	no	no	10
256	S02	ns	no	no	10
257	S01	nns	no	no	0
258	S02	ns	no	no	10
259	S01	nns	no	no	10
260	S02	ns	no	no	10
261	S02	ns	yes	yes	10
262	S01	nns	yes	no	9
263	S02	ns	no	no	10
264	S01	nns	yes	yes	10
265	S01	nns	no	no	10
266	S02	ns	yes	no	5
267	S01	nns	no	no	10
268	S01	nns	no	no	10
269	S01	nns	no	no	10
270	S01	nns	no	no	10
271	S01	nns	yes	no	10
272	S02	ns	no	no	10
273	S01	nns	yes	no	10
274	S02	ns	yes	no	10
275	S02	ns	yes	no	0
276	S01	nns	yes	no	10
277	S02	ns	no	no	10
278	S02	ns	no	no	8
279	S02	ns	yes	no	9
280	S01	nns	no	yes	0
281	S02	ns	yes	no	0
282	S01	nns	no	yes	10
283	S02	ns	no	no	9
284	S01	nns	yes	no	9
285	S02	ns	yes	no	0
286	S01	nns	no	no	10
287	S01	nns	no	no	10
288	S02	ns	no	no	10
289	S02	ns	no	no	10
290	S02	ns	no	no	10
291	S01	nns	yes	yes	0
292	S02	ns	yes	no	0
293	S01	nns	no	no	10
294	S01	nns	yes	yes	4
295	S01	nns	no	no	10
296	S01	nns	no	no	10
297	S02	ns	no	no	10
298	S02	ns	no	no	10
299	S02	ns	no	no	10
300	S01	nns	no	no	0
301	S02	ns	no	no	10
302	S01	nns	no	no	10
303	S02	ns	no	no	10
304	S02	ns	no	no	10
305	S01	nns	no	no	1
306	S02	ns	no	no	8
307	S01	nns	no	no	10
308	S02	ns	no	no	10
309	S01	nns	no	no	10
310	S01	nns	no	no	10
311	S02	ns	no	no	0
312	S02	ns	no	no	9
313	S02	ns	no	no	10
314	S01	nns	no	no	0
315	S02	ns	no	no	4
316	S01	nns	no	no	0
317	S02	ns	yes	no	0
318	S01	nns	no	no	10
319	S02	ns	no	no	9
320	S01	nns	no	no	10
321	S02	ns	no	no	10
322	S01	nns	yes	no	0
323	S01	nns	no	no	10
324	S01	nns	no	no	9
325	S02	ns	no	no	8
326	S01	nns	no	no	10
327	S02	ns	no	no	10
328	S01	nns	yes	no	0
329	S02	ns	no	no	10
330	S02	ns	no	no	8
331	S01	nns	no	no	10
332	S01	nns	no	no	10
333	S02	ns	no	no	10
334	S02	ns	no	no	9
335	S02	ns	no	no	10
336	S02	ns	no	no	7
337	S01	nns	yes	yes	10
338	S02	ns	no	no	10
339	S02	ns	no	no	10
340	S01	nns	no	no	10
341	S01	nns	no	no	10
342	S02	ns	no	no	8
343	S01	nns	no	no	10
344	S02	ns	no	no	10
345	S02	ns	yes	no	10
346	S01	nns	yes	no	10
347	S02	ns	yes	no	0
348	S01	nns	no	no	0
349	S02	ns	yes	no	0
350	S02	ns	yes	no	0
351	S02	ns	no	no	9
352	S02	ns	yes	no	9
353	S01	nns	no	no	10
354	S02	ns	yes	no	0
355	S02	ns	yes	no	0
356	S01	nns	no	no	0
357	S01	nns	yes	yes	0
358	S02	ns	yes	no	9
359	S02	ns	yes	no	0
360	S02	ns	no	no	5
361	S01	nns	no	no	0
362	S02	ns	no	no	10
363	S02	ns	no	no	10
364	S02	ns	yes	yes	10
365	S02	ns	yes	no	10
366	S01	nns	no	no	10
367	S02	ns	yes	yes	0
368	S02	ns	no	no	10
369	S01	nns	no	no	10
370	S02	ns	no	no	10
371	S01	nns	no	no	9
372	S02	ns	no	no	10
373	S01	nns	yes	no	10
374	S01	nns	yes	yes	0
375	S01	nns	yes	no	0
376	S02	ns	no	no	0
377	S01	nns	no	no	10
378	S01	nns	no	no	10
379	S02	ns	no	no	10
380	S01	nns	no	no	10
381	S02	ns	no	no	10
382	S02	ns	no	no	10
383	S01	nns	no	no	10
384	S02	ns	no	no	10
385	S02	ns	yes	no	0
386	S01	nns	no	no	0
387	S02	ns	no	no	10
388	S01	nns	no	no	10
389	S02	ns	yes	no	0
390	S01	nns	yes	no	10
391	S01	nns	no	no	10
392	S01	nns	yes	no	0
393	S01	nns	no	no	10
394	S02	ns	no	no	6
395	S01	nns	no	no	10
396	S02	ns	no	no	10
397	S02	ns	no	no	0
398	S01	nns	no	no	10
399	S02	ns	no	no	10
400	S01	nns	no	no	10
401	S02	ns	no	no	8
402	S01	nns	no	no	10
403	S02	ns	no	no	10
404	S01	nns	yes	yes	10
405	S01	nns	no	no	10
406	S02	ns	no	no	10
407	S01	nns	no	no	10
408	S02	ns	no	no	10
409	S01	nns	no	no	10
410	S01	nns	yes	yes	6
411	S02	ns	no	no	10
412	S02	ns	no	no	8
413	S01	nns	yes	yes	3
414	S02	ns	no	no	10
415	S02	ns	no	no	10
416	S01	nns	no	no	8
417	S01	nns	no	no	3
418	S01	nns	no	no	10
419	S02	ns	no	no	9
420	S01	nns	yes	no	0
421	S02	ns	no	no	10
422	S02	ns	no	no	10
423	S01	nns	no	no	10
424	S01	nns	no	no	10
425	S02	ns	no	no	10
426	S01	nns	no	no	10
427	S01	nns	yes	no	9
428	S02	ns	no	no	10
429	S01	nns	yes	no	10
430	S02	ns	yes	no	0
431	S02	ns	no	no	9
432	S01	nns	no	no	10
433	S01	nns	yes	no	0
434	S02	ns	no	no	10
435	S01	nns	no	no	9
436	S01	nns	no	no	9
437	S01	nns	no	no	10
438	S02	ns	no	no	10
439	S02	ns	no	no	10
440	S01	nns	no	no	10
441	S01	nns	no	yes	0
442	S02	ns	no	no	10
443	S01	nns	no	no	10
444	S01	nns	no	no	10
445	S01	nns	no	no	10
446	S02	ns	yes	no	0
447	S02	ns	no	no	10
448	S02	ns	yes	no	0
449	S02	ns	yes	no	0
450	S01	nns	yes	yes	10
451	S02	ns	yes	no	0
452	S01	nns	no	no	9
453	S02	ns	no	no	10
454	S01	nns	yes	no	0
455	S02	ns	yes	no	0
456	S02	ns	no	no	0
457	S01	nns	no	no	10
458	S02	ns	no	no	9
459	S01	nns	yes	yes	10
460	S01	nns	no	no	10
461	S01	nns	no	no	10
462	S02	ns	no	no	10
463	S01	nns	no	no	10
464	S02	ns	no	no	10
465	S01	nns	no	no	5
466	S01	nns	no	no	10
467	S02	ns	no	no	10
468	S01	nns	no	no	9
469	S02	ns	yes	no	0
470	S01	nns	no	no	10
471	S02	ns	yes	no	0
472	S02	ns	no	no	10
473	S02	ns	no	no	10
474	S01	nns	no	no	7
475	S02	ns	yes	no	0
476	S01	nns	yes	yes	5
477	S01	nns	yes	yes	10
478	S01	nns	no	no	10
479	S01	nns	no	no	0
480	S01	nns	no	no	10
481	S01	nns	no	no	10
482	S02	ns	no	no	10
483	S02	ns	no	no	0
484	S01	nns	no	no	10
485	S01	nns	no	no	7
486	S01	nns	yes	no	0
487	S01	nns	yes	no	8
488	S02	ns	yes	no	10
489	S02	ns	no	no	10
490	S02	ns	yes	yes	0
491	S01	nns	yes	yes	7
492	S02	ns	no	no	0
493	S02	ns	yes	no	0
494	S02	ns	no	no	10
495	S02	ns	no	no	9
496	S01	nns	no	no	10
497	S02	ns	no	no	10
498	S02	ns	no	no	10
499	S02	ns	no	no	10
500	S01	nns	yes	no	10
501	S01	nns	no	no	8
502	S02	ns	no	no	10
503	S02	ns	yes	no	0
504	S02	ns	no	no	10
505	S01	nns	no	no	10
506	S02	ns	no	no	9
507	S02	ns	no	no	10
508	S02	ns	no	no	9
509	S02	ns	no	no	0
510	S02	ns	no	no	10
511	S01	nns	yes	no	1
512	S01	nns	no	no	10
513	S02	ns	no	no	7
514	S01	nns	yes	no	0
515	S02	ns	yes	no	9
516	S01	nns	no	no	10
517	S02	ns	no	no	10
518	S01	nns	yes	no	10
519	S02	ns	yes	yes	3
520	S02	ns	no	no	10
521	S01	nns	no	no	10
522	S02	ns	no	no	10
523	S02	ns	no	no	10
524	S01	nns	no	no	10
525	S01	nns	yes	no	0
526	S02	ns	yes	no	10
527	S02	ns	yes	no	0
528	S01	nns	no	no	9
529	S02	ns	no	no	10
530	S02	ns	no	no	10
531	S02	ns	no	no	10
532	S01	nns	no	no	10
533	S02	ns	no	no	10
534	S02	ns	no	no	10
535	S01	nns	no	no	10
536	S01	nns	no	no	10
537	S02	ns	no	no	10
538	S02	ns	no	no	7
539	S02	ns	no	no	0
540	S02	ns	no	no	10
541	S01	nns	no	no	10
542	S01	nns	yes	no	0
543	S01	nns	no	no	10
544	S02	ns	no	no	10
545	S02	ns	no	no	10
546	S02	ns	yes	yes	0
547	S02	ns	no	no	10
548	S02	ns	no	no	10
549	S01	nns	no	no	10
550	S02	ns	no	no	0
551	S02	ns	no	no	7
552	S01	nns	no	no	10
553	S02	ns	no	no	10
554	S02	ns	no	no	10
555	S02	ns	yes	no	10
556	S02	ns	no	no	10
557	S02	ns	yes	no	0
558	S01	nns	no	no	10
559	S01	nns	no	no	0
560	S01	nns	yes	no	10
561	S01	nns	no	no	10
562	S01	nns	no	no	10
563	S02	ns	no	no	10
564	S02	ns	yes	yes	10
565	S02	ns	no	no	10
566	S04	ns	no	no	10
567	S04	ns	no	no	10
568	S04	ns	no	yes	10
569	S03	nns	yes	no	0
570	S04	ns	yes	yes	10
571	S04	ns	no	no	9
572	S04	ns	yes	no	10
573	S04	ns	no	no	0
574	S03	nns	no	no	10
575	S03	nns	no	no	9
576	S03	nns	no	no	10
577	S03	nns	yes	no	0
578	S03	nns	yes	no	0
579	S03	nns	no	no	10
580	S03	nns	no	no	10
581	S03	nns	no	no	10
582	S03	nns	yes	no	0
583	S03	nns	no	no	10
584	S04	ns	no	no	10
585	S04	ns	no	no	10
586	S03	nns	yes	no	0
587	S04	ns	no	no	10
588	S04	ns	no	no	10
589	S03	nns	no	no	10
590	S04	ns	no	no	10
591	S04	ns	no	no	10
592	S03	nns	yes	no	10
593	S04	ns	no	no	0
594	S03	nns	no	no	10
595	S03	nns	yes	yes	10
596	S04	ns	no	no	10
597	S03	nns	no	no	10
598	S03	nns	yes	no	0
599	S04	ns	no	no	9
600	S04	ns	no	no	10
601	S03	nns	no	no	10
602	S03	nns	no	no	10
603	S03	nns	yes	no	10
604	S03	nns	no	no	10
605	S03	nns	no	no	9
606	S03	nns	no	no	9
607	S04	ns	yes	no	10
608	S03	nns	no	no	10
609	S03	nns	no	no	10
610	S04	ns	no	no	0
611	S04	ns	no	no	10
612	S03	nns	yes	no	10
613	S03	nns	no	no	10
614	S04	ns	no	no	10
615	S04	ns	no	no	10
616	S03	nns	no	no	10
617	S04	ns	no	no	10
618	S03	nns	no	no	10
619	S03	nns	yes	no	0
620	S04	ns	no	no	10
621	S03	nns	no	no	10
622	S04	ns	yes	no	10
623	S03	nns	yes	yes	0
624	S03	nns	yes	no	0
625	S03	nns	yes	no	0
626	S04	ns	no	no	10
627	S04	ns	no	no	10
628	S03	nns	no	no	10
629	S03	nns	yes	no	10
630	S03	nns	yes	yes	10
631	S03	nns	no	no	9
632	S04	ns	no	yes	0
633	S04	ns	no	no	9
634	S03	nns	no	no	10
635	S04	ns	no	no	10
636	S04	ns	no	no	10
637	S04	ns	no	no	10
638	S03	nns	yes	no	3
639	S03	nns	no	no	10
640	S03	nns	yes	no	0
641	S04	ns	yes	no	0
642	S03	nns	no	no	10
643	S03	nns	no	no	10
644	S03	nns	yes	no	10
645	S04	ns	no	no	10
646	S03	nns	no	no	9
647	S03	nns	yes	no	10
648	S04	ns	yes	no	10
649	S04	ns	yes	yes	10
650	S03	nns	yes	no	9
651	S03	nns	no	no	10
652	S03	nns	no	no	9
653	S04	ns	no	no	10
654	S04	ns	yes	no	0
655	S04	ns	no	no	10
656	S03	nns	yes	no	0
657	S03	nns	yes	no	10
658	S04	ns	no	no	10
659	S03	nns	yes	no	0
660	S03	nns	no	no	10
661	S03	nns	no	no	10
662	S03	nns	no	no	8
663	S03	nns	no	no	10
664	S04	ns	yes	no	10
665	S04	ns	no	no	10
666	S03	nns	yes	no	10
667	S04	ns	no	no	10
668	S03	nns	yes	yes	0
669	S03	nns	yes	yes	0
670	S03	nns	no	no	10
671	S03	nns	no	no	10
672	S03	nns	yes	no	10
673	S03	nns	no	no	10
674	S04	ns	no	no	10
675	S03	nns	yes	no	10
676	S03	nns	yes	no	10
677	S03	nns	no	no	10
678	S03	nns	no	no	10
679	S04	ns	yes	no	10
680	S04	ns	yes	no	0
681	S04	ns	yes	no	0
682	S04	ns	no	no	4
683	S03	nns	no	no	10
684	S03	nns	yes	no	9
685	S03	nns	no	no	4
686	S04	ns	no	no	10
687	S04	ns	no	no	9
688	S03	nns	yes	no	0
689	S03	nns	no	no	10
690	S04	ns	no	no	1
691	S03	nns	yes	yes	10
692	S03	nns	no	no	0
693	S03	nns	yes	yes	2
694	S04	ns	no	no	10
695	S04	ns	yes	no	10
696	S04	ns	no	no	10
697	S03	nns	no	no	10
698	S03	nns	no	no	9
699	S04	ns	yes	no	9
700	S04	ns	yes	no	10
701	S03	nns	no	no	10
702	S03	nns	no	no	10
703	S03	nns	yes	no	0
704	S03	nns	no	no	10
705	S03	nns	yes	no	0
706	S04	ns	no	no	10
707	S04	ns	no	no	10
708	S04	ns	yes	yes	10
709	S03	nns	yes	no	10
710	S04	ns	no	no	10
711	S03	nns	yes	no	10
712	S04	ns	no	no	10
713	S03	nns	no	no	10
714	S03	nns	yes	no	0
715	S04	ns	no	no	10
716	S03	nns	yes	yes	9
717	S03	nns	no	no	10
718	S03	nns	yes	no	0
719	S03	nns	yes	no	9
720	S04	ns	no	no	0
721	S03	nns	no	no	10
722	S04	ns	no	no	10
723	S04	ns	no	no	10
724	S04	ns	yes	no	10
725	S04	ns	no	no	10
726	S03	nns	yes	no	10
727	S03	nns	no	yes	10
728	S03	nns	no	no	10
729	S03	nns	no	yes	0
730	S04	ns	yes	no	4
731	S03	nns	no	no	10
732	S04	ns	no	no	10
733	S03	nns	yes	no	0
734	S03	nns	yes	no	10
735	S03	nns	yes	yes	9
736	S03	nns	yes	no	7
737	S03	nns	yes	no	10
738	S04	ns	no	no	10
739	S03	nns	no	no	10
740	S04	ns	no	no	10
741	S03	nns	no	no	10
742	S04	ns	no	no	10
743	S03	nns	yes	no	10
744	S04	ns	no	no	10
745	S03	nns	no	no	10
746	S04	ns	no	no	6
747	S03	nns	no	no	10
748	S04	ns	no	no	10
749	S03	nns	no	no	10
750	S03	nns	no	no	10
751	S03	nns	no	no	10
752	S04	ns	yes	no	0
753	S04	ns	no	no	10
754	S03	nns	no	no	10
755	S03	nns	no	no	10
756	S04	ns	no	no	10
757	S04	ns	no	no	7
758	S03	nns	no	no	10
759	S04	ns	no	no	10
760	S03	nns	no	no	0
761	S04	ns	no	no	10
762	S03	nns	no	no	0
763	S03	nns	no	no	10
764	S04	ns	no	no	10
765	S04	ns	no	no	10
766	S03	nns	no	no	10
767	S04	ns	no	no	10
768	S04	ns	yes	no	10
769	S04	ns	no	no	10
770	S03	nns	no	no	10
771	S03	nns	no	no	0
772	S04	ns	no	no	0
773	S03	nns	yes	no	10
774	S04	ns	no	no	9
775	S04	ns	yes	no	0
776	S04	ns	no	no	10
777	S03	nns	no	no	10
778	S03	nns	no	no	10
779	S04	ns	no	no	10
780	S04	ns	no	no	10
781	S04	ns	no	no	10
782	S03	nns	no	no	10
783	S03	nns	yes	yes	0
784	S04	ns	no	no	10
785	S03	nns	no	no	10
786	S04	ns	yes	no	0
787	S03	nns	no	no	10
788	S04	ns	no	no	10
789	S03	nns	no	no	10
790	S03	nns	no	no	10
791	S03	nns	no	yes	10
792	S03	nns	yes	no	0
793	S03	nns	no	no	10
794	S04	ns	yes	no	0
795	S04	ns	no	no	9
796	S03	nns	yes	yes	10
797	S03	nns	yes	no	0
798	S03	nns	yes	no	0
799	S04	ns	yes	no	0
800	S04	ns	no	no	10
801	S03	nns	no	no	10
802	S04	ns	no	no	10
803	S03	nns	no	no	10
804	S03	nns	no	no	10
805	S03	nns	yes	no	10
806	S04	ns	yes	no	10
807	S03	nns	yes	no	0
808	S03	nns	no	no	10
809	S04	ns	no	no	10
810	S04	ns	no	no	10
811	S03	nns	no	no	9
812	S04	ns	no	no	10
813	S04	ns	no	no	10
814	S04	ns	no	no	10
815	S04	ns	yes	no	9
816	S04	ns	no	no	10
817	S04	ns	no	no	10
818	S03	nns	no	no	10
819	S04	ns	no	no	10
820	S04	ns	no	no	10
821	S03	nns	yes	yes	0
822	S03	nns	no	no	10
823	S04	ns	no	no	10
824	S03	nns	no	no	10
825	S04	ns	no	no	10
826	S03	nns	yes	no	0
827	S03	nns	no	no	10
828	S03	nns	no	no	10
829	S03	nns	no	no	10
830	S04	ns	yes	no	10
831	S04	ns	no	no	10
832	S03	nns	no	no	10
833	S03	nns	yes	no	10
834	S03	nns	no	no	10
835	S03	nns	no	no	10
836	S03	nns	no	no	10
837	S03	nns	yes	no	9
838	S04	ns	no	no	10
839	S04	ns	no	no	10
840	S03	nns	yes	no	10
841	S04	ns	yes	no	0
842	S03	nns	no	no	10
843	S03	nns	no	no	10
844	S03	nns	yes	no	10
845	S04	ns	yes	no	10
846	S03	nns	no	no	10
847	S03	nns	no	no	10
848	S03	nns	no	no	10
849	S04	ns	yes	no	0
850	S03	nns	no	no	10
851	S04	ns	yes	no	10
852	S03	nns	no	no	10
853	S03	nns	no	no	10
854	S03	nns	no	no	10
855	S03	nns	no	no	10
856	S04	ns	no	no	10
857	S04	ns	no	no	10
858	S04	ns	no	no	10
859	S03	nns	yes	no	0
860	S03	nns	yes	no	0
861	S03	nns	yes	yes	8
862	S04	ns	no	no	9
863	S03	nns	yes	yes	10
864	S04	ns	yes	no	0
865	S04	ns	no	no	10
866	S03	nns	yes	no	10
867	S03	nns	yes	no	10
868	S03	nns	yes	no	0
869	S03	nns	no	no	10
870	S03	nns	yes	no	10
871	S04	ns	no	no	10
872	S03	nns	no	no	0
873	S04	ns	no	no	10
874	S04	ns	no	no	10
875	S03	nns	no	no	10
876	S04	ns	yes	yes	10
877	S03	nns	no	no	10
878	S03	nns	no	no	10
879	S03	nns	no	no	10
880	S04	ns	yes	yes	10
881	S03	nns	no	no	8
882	S03	nns	no	no	10
883	S03	nns	no	no	10
884	S04	ns	yes	no	0
885	S04	ns	no	no	10
886	S03	nns	no	no	10
887	S04	ns	no	no	10
888	S03	nns	no	no	10
889	S04	ns	no	no	10
890	S04	ns	no	no	8
891	S04	ns	yes	no	10
892	S04	ns	no	no	10
893	S03	nns	yes	yes	10
894	S03	nns	no	no	0
895	S03	nns	no	no	10
896	S03	nns	no	no	10
897	S04	ns	no	no	10
898	S04	ns	no	no	9
899	S03	nns	yes	no	0
900	S04	ns	yes	no	10
901	S04	ns	no	no	10
902	S03	nns	no	no	10
903	S04	ns	yes	no	0
904	S04	ns	no	no	9
905	S03	nns	no	no	10
906	S03	nns	no	no	10
907	S04	ns	no	no	10
908	S04	ns	no	no	10
909	S04	ns	no	no	0
910	S03	nns	no	no	10
911	S04	ns	no	no	10
912	S03	nns	no	no	10
913	S04	ns	no	no	10
914	S04	ns	no	no	10
915	S03	nns	no	no	8
916	S04	ns	yes	no	10
917	S03	nns	no	no	10
918	S04	ns	yes	no	10
919	S04	ns	yes	no	10
920	S04	ns	no	no	10
921	S03	nns	yes	no	0
922	S04	ns	no	no	10
923	S03	nns	no	no	10
924	S04	ns	no	no	10
925	S04	ns	no	no	3
926	S03	nns	yes	no	10
927	S03	nns	no	no	10
928	S03	nns	no	no	10
929	S04	ns	no	no	10
930	S04	ns	yes	no	10
931	S04	ns	no	no	10
932	S03	nns	yes	no	10
933	S03	nns	no	no	10
934	S03	nns	yes	no	10
935	S04	ns	no	no	5
936	S04	ns	no	no	10
937	S04	ns	no	no	10
938	S03	nns	no	no	10
939	S03	nns	no	no	10
940	S03	nns	no	no	10
941	S03	nns	no	no	10
942	S04	ns	yes	yes	0
943	S04	ns	no	no	10
944	S03	nns	no	no	0
945	S03	nns	no	no	10
946	S03	nns	yes	no	10
947	S04	ns	no	no	10
948	S04	ns	yes	no	1
949	S03	nns	no	no	10
950	S04	ns	yes	no	10
951	S03	nns	yes	no	10
952	S03	nns	yes	no	10
953	S04	ns	no	no	6
954	S03	nns	no	no	10
955	S03	nns	no	no	10
956	S04	ns	no	no	10
957	S03	nns	yes	no	0
958	S03	nns	yes	no	0
959	S04	ns	yes	no	0
960	S04	ns	yes	yes	10
961	S03	nns	no	no	10
962	S03	nns	no	no	10
963	S04	ns	no	no	0
964	S03	nns	no	no	9
965	S04	ns	yes	no	10
966	S04	ns	no	no	10
967	S03	nns	no	no	10
968	S03	nns	no	no	10
969	S04	ns	no	no	10
970	S03	nns	yes	no	10
971	S04	ns	no	no	10
972	S04	ns	no	no	10
973	S03	nns	no	no	10
974	S04	ns	no	no	10
975	S04	ns	no	no	10
976	S03	nns	yes	no	10
977	S04	ns	yes	no	0
978	S04	ns	yes	no	10
979	S03	nns	no	no	10
980	S04	ns	no	no	10
981	S04	ns	yes	no	0
982	S03	nns	yes	no	0
983	S03	nns	yes	no	10
984	S03	nns	no	no	10
985	S03	nns	yes	no	10
986	S04	ns	no	no	10
987	S03	nns	no	no	10
988	S03	nns	yes	no	0
989	S03	nns	yes	no	0
990	S03	nns	no	no	10
991	S03	nns	no	no	10
992	S04	ns	no	no	10
993	S04	ns	no	no	10
994	S04	ns	no	no	10
995	S03	nns	no	no	0
996	S04	ns	yes	no	0
997	S04	ns	no	no	10
998	S04	ns	no	no	10
999	S03	nns	no	no	10
1000	S03	nns	no	no	10
1001	S03	nns	no	no	10
1002	S03	nns	no	no	10
1003	S03	nns	yes	no	0
1004	S04	ns	yes	no	10
1005	S04	ns	no	no	10
1006	S04	ns	no	no	10
1007	S03	nns	yes	no	10
1008	S04	ns	no	no	10
1009	S04	ns	no	no	10
1010	S03	nns	no	no	10
1011	S03	nns	no	no	10
1012	S03	nns	no	no	10
1013	S04	ns	no	no	10
1014	S04	ns	no	no	10
1015	S04	ns	no	no	10
1016	S04	ns	no	no	10
1017	S03	nns	no	no	10
1018	S03	nns	yes	no	0
1019	S03	nns	yes	no	10
1020	S03	nns	no	no	10
1021	S04	ns	no	no	6
1022	S03	nns	yes	no	10
1023	S03	nns	no	no	0
1024	S04	ns	no	no	10
1025	S04	ns	no	no	10
1026	S04	ns	no	no	10
1027	S03	nns	yes	no	0
1028	S03	nns	no	no	10
1029	S03	nns	no	no	10
1030	S03	nns	no	no	10
1031	S04	ns	no	no	10
1032	S04	ns	no	no	10
1033	S03	nns	no	no	10
1034	S04	ns	yes	no	0
1035	S04	ns	no	no	0
1036	S04	ns	no	no	10
1037	S03	nns	yes	no	10
1038	S03	nns	no	no	0
1039	S03	nns	no	no	8
1040	S03	nns	no	no	10
1041	S03	nns	yes	no	0
1042	S04	ns	yes	no	10
1043	S03	nns	no	yes	10
1044	S04	ns	no	no	10
1045	S03	nns	no	no	10
1046	S03	nns	yes	no	10
1047	S03	nns	yes	no	0
1048	S03	nns	yes	no	0
1049	S03	nns	yes	no	10
1050	S03	nns	yes	no	10
1051	S03	nns	no	no	10
1052	S03	nns	no	no	10
1053	S04	ns	yes	no	10
1054	S04	ns	no	no	0
1055	S04	ns	no	no	10
1056	S04	ns	yes	yes	10
1057	S04	ns	yes	no	0
1058	S04	ns	no	no	10
1059	S04	ns	no	no	10
1060	S04	ns	no	no	10
1061	S03	nns	yes	no	10
1062	S03	nns	no	no	10
1063	S03	nns	no	no	10
1064	S04	ns	no	no	10
1065	S03	nns	no	no	10
1066	S05	nns	yes	no	10
1067	S05	nns	yes	no	3
1068	S05	nns	no	no	7
1069	S05	nns	no	no	10
1070	S06	ns	no	no	9
1071	S06	ns	no	no	10
1072	S05	nns	no	no	8
1073	S06	ns	yes	no	10
1074	S06	ns	no	no	0
1075	S05	nns	no	no	10
1076	S06	ns	no	no	10
1077	S06	ns	yes	no	10
1078	S05	nns	no	no	9
1079	S05	nns	yes	no	10
1080	S05	nns	yes	no	0
1081	S05	nns	no	no	10
1082	S05	nns	yes	no	10
1083	S06	ns	no	no	10
1084	S06	ns	no	no	10
1085	S06	ns	no	no	10
1086	S06	ns	yes	no	2
1087	S05	nns	no	no	10
1088	S06	ns	yes	no	0
1089	S06	ns	no	no	10
1090	S05	nns	yes	no	0
1091	S06	ns	no	no	9
1092	S06	ns	no	no	10
1093	S05	nns	no	no	9
1094	S05	nns	no	no	10
1095	S06	ns	yes	no	10
1096	S05	nns	yes	no	0
1097	S06	ns	no	no	9
1098	S06	ns	yes	no	0
1099	S05	nns	no	no	8
1100	S05	nns	yes	no	0
1101	S06	ns	no	no	0
1102	S05	nns	no	no	9
1103	S05	nns	no	no	10
1104	S06	ns	yes	yes	10
1105	S05	nns	yes	no	0
1106	S05	nns	yes	yes	0
1107	S06	ns	no	no	10
1108	S05	nns	yes	no	0
1109	S06	ns	no	no	10
1110	S06	ns	no	no	10
1111	S06	ns	yes	no	10
1112	S06	ns	no	no	10
1113	S06	ns	no	no	10
1114	S06	ns	no	no	10
1115	S06	ns	no	no	0
1116	S05	nns	no	no	9
1117	S06	ns	no	no	3
1118	S06	ns	no	no	10
1119	S06	ns	no	no	10
1120	S05	nns	no	no	10
1121	S06	ns	no	no	10
1122	S06	ns	no	no	10
1123	S06	ns	yes	no	10
1124	S05	nns	no	no	8
1125	S05	nns	yes	no	0
1126	S06	ns	no	no	10
1127	S05	nns	yes	no	0
1128	S06	ns	no	no	10
1129	S06	ns	no	no	9
1130	S05	nns	no	no	9
1131	S05	nns	yes	no	0
1132	S06	ns	no	no	9
1133	S06	ns	no	no	10
1134	S05	nns	yes	no	0
1135	S05	nns	no	no	10
1136	S05	nns	no	no	10
1137	S06	ns	no	no	10
1138	S06	ns	no	no	10
1139	S06	ns	no	no	10
1140	S06	ns	no	no	10
1141	S05	nns	no	no	10
1142	S05	nns	no	no	10
1143	S06	ns	no	no	10
1144	S06	ns	no	no	9
1145	S06	ns	no	no	10
1146	S05	nns	yes	no	10
1147	S06	ns	no	no	10
1148	S05	nns	no	no	10
1149	S06	ns	no	no	10
1150	S06	ns	yes	no	10
1151	S06	ns	no	no	10
1152	S05	nns	no	no	9
1153	S05	nns	no	no	10
1154	S06	ns	no	no	10
1155	S06	ns	no	no	10
1156	S05	nns	no	no	10
1157	S05	nns	no	no	10
1158	S05	nns	yes	no	10
1159	S06	ns	no	no	10
1160	S06	ns	no	no	10
1161	S06	ns	no	no	7
1162	S06	ns	no	no	10
1163	S06	ns	yes	no	0
1164	S05	nns	yes	no	0
1165	S05	nns	no	no	10
1166	S05	nns	no	no	10
1167	S05	nns	yes	no	0
1168	S06	ns	no	no	7
1169	S05	nns	no	no	8
1170	S06	ns	yes	no	10
1171	S05	nns	no	no	10
1172	S06	ns	no	no	10
1173	S06	ns	no	no	10
1174	S05	nns	yes	no	0
1175	S05	nns	no	no	10
1176	S06	ns	yes	no	0
1177	S06	ns	yes	no	10
1178	S05	nns	no	no	0
1179	S05	nns	no	no	10
1180	S06	ns	no	no	10
1181	S06	ns	yes	yes	5
1182	S05	nns	yes	yes	9
1183	S05	nns	no	no	10
1184	S05	nns	no	no	10
1185	S05	nns	yes	no	10
1186	S05	nns	yes	no	0
1187	S06	ns	yes	no	10
1188	S05	nns	yes	no	10
1189	S05	nns	no	no	6
1190	S05	nns	no	no	10
1191	S06	ns	no	no	10
1192	S05	nns	no	no	10
1193	S06	ns	no	no	10
1194	S06	ns	no	no	10
1195	S06	ns	no	no	10
1196	S06	ns	no	no	10
1197	S05	nns	yes	no	10
1198	S06	ns	no	no	10
1199	S06	ns	no	no	10
1200	S06	ns	no	no	10
1201	S06	ns	no	no	10
1202	S06	ns	no	no	10
1203	S06	ns	no	no	9
1204	S05	nns	no	no	9
1205	S06	ns	no	no	10
1206	S05	nns	yes	no	0
1207	S05	nns	yes	yes	8
1208	S06	ns	no	no	7
1209	S05	nns	yes	yes	0
1210	S06	ns	no	yes	10
1211	S06	ns	no	no	10
1212	S05	nns	no	no	10
1213	S06	ns	no	no	10
1214	S06	ns	no	no	0
1215	S06	ns	yes	no	0
1216	S05	nns	no	no	10
1217	S06	ns	no	no	10
1218	S06	ns	no	no	10
1219	S06	ns	yes	no	10
1220	S06	ns	yes	no	10
1221	S06	ns	yes	no	0
1222	S06	ns	yes	no	10
1223	S05	nns	no	no	8
1224	S06	ns	no	no	10
1225	S06	ns	yes	no	10
1226	S06	ns	no	no	10
1227	S06	ns	no	no	10
1228	S06	ns	no	no	10
1229	S05	nns	no	no	8
1230	S06	ns	no	no	10
1231	S06	ns	no	no	10
1232	S05	nns	no	no	10
1233	S05	nns	no	no	5
1234	S05	nns	no	no	9
1235	S06	ns	yes	no	10
1236	S06	ns	no	no	10
1237	S06	ns	yes	no	0
1238	S05	nns	yes	yes	10
1239	S05	nns	no	no	10
1240	S06	ns	yes	no	0
1241	S06	ns	yes	no	10
1242	S06	ns	no	no	10
1243	S06	ns	no	no	10
1244	S05	nns	yes	no	10
1245	S05	nns	no	no	10
1246	S06	ns	no	no	10
1247	S06	ns	no	no	10
1248	S06	ns	no	no	2
1249	S06	ns	no	no	10
1250	S06	ns	no	no	10
1251	S06	ns	no	no	10
1252	S06	ns	no	no	6
1253	S05	nns	no	no	10
1254	S06	ns	yes	no	0
1255	S05	nns	no	no	9
1256	S06	ns	no	no	7
1257	S06	ns	no	no	10
1258	S06	ns	no	no	10
1259	S06	ns	no	no	10
1260	S06	ns	yes	no	8
1261	S05	nns	no	no	9
1262	S05	nns	yes	yes	10
1263	S06	ns	no	no	10
1264	S05	nns	no	no	10
1265	S06	ns	no	no	10
1266	S05	nns	no	no	3
1267	S06	ns	no	no	10
1268	S06	ns	yes	no	10
1269	S05	nns	yes	no	0
1270	S06	ns	no	no	10
1271	S06	ns	yes	no	0
1272	S06	ns	yes	no	0
1273	S06	ns	no	no	10
1274	S06	ns	yes	no	0
1275	S05	nns	yes	no	0
1276	S06	ns	no	no	10
1277	S06	ns	no	no	10
1278	S06	ns	yes	no	10
1279	S06	ns	no	no	6
1280	S06	ns	no	no	10
1281	S06	ns	no	no	10
1282	S05	nns	yes	no	0
1283	S06	ns	yes	yes	10
1284	S06	ns	no	no	10
1285	S05	nns	yes	no	0
1286	S05	nns	no	no	9
1287	S05	nns	yes	no	0
1288	S05	nns	yes	no	0
1289	S05	nns	yes	no	10
1290	S05	nns	yes	no	0
1291	S06	ns	no	no	10
1292	S05	nns	no	no	10
1293	S06	ns	yes	no	10
1294	S06	ns	no	no	0
1295	S05	nns	yes	yes	0
1296	S06	ns	no	no	10
1297	S06	ns	no	no	10
1298	S06	ns	no	no	10
1299	S06	ns	yes	no	0
1300	S06	ns	no	no	6
1301	S06	ns	no	no	10
1302	S06	ns	no	no	10
1303	S06	ns	yes	no	0
1304	S06	ns	yes	no	1
1305	S06	ns	no	no	10
1306	S06	ns	no	no	8
1307	S05	nns	no	no	10
1308	S05	nns	no	no	10
1309	S06	ns	yes	no	0
1310	S05	nns	no	no	10
1311	S05	nns	no	no	10
1312	S06	ns	yes	yes	10
1313	S05	nns	no	no	10
1314	S06	ns	no	no	10
1315	S06	ns	yes	no	0
1316	S05	nns	no	no	10
1317	S05	nns	no	no	10
1318	S06	ns	no	no	10
1319	S05	nns	no	no	10
1320	S05	nns	yes	no	6
1321	S06	ns	yes	no	2
1322	S05	nns	no	no	10
1323	S06	ns	no	no	9
1324	S05	nns	no	no	10
1325	S05	nns	yes	no	10
1326	S05	nns	no	no	10
1327	S05	nns	yes	yes	9
1328	S05	nns	no	no	0
1329	S05	nns	no	no	9
1330	S06	ns	no	no	10
1331	S05	nns	no	no	10
1332	S05	nns	no	no	10
1333	S06	ns	no	no	10
1334	S05	nns	no	no	10
1335	S06	ns	no	no	10
1336	S06	ns	no	no	10
1337	S05	nns	no	no	10
1338	S05	nns	yes	no	0
1339	S05	nns	no	no	10
1340	S06	ns	yes	yes	10
1341	S05	nns	no	no	10
1342	S06	ns	no	no	10
1343	S06	ns	no	no	10
1344	S06	ns	no	no	7
1345	S06	ns	no	no	8
1346	S05	nns	yes	no	10
1347	S06	ns	no	no	9
1348	S06	ns	no	no	9
1349	S05	nns	no	no	10
1350	S05	nns	no	no	10
1351	S05	nns	yes	no	0
1352	S06	ns	no	no	10
1353	S05	nns	yes	no	0
1354	S06	ns	yes	no	10
1355	S05	nns	no	no	6
1356	S06	ns	no	no	10
1357	S05	nns	yes	no	6
1358	S06	ns	yes	no	10
1359	S05	nns	yes	no	0
1360	S06	ns	no	no	10
1361	S06	ns	no	no	10
1362	S05	nns	yes	no	0
1363	S05	nns	yes	no	10
1364	S06	ns	no	no	10
1365	S06	ns	yes	no	0
1366	S06	ns	no	no	9
1367	S05	nns	no	no	10
1368	S06	ns	no	no	10
1369	S06	ns	no	no	0
1370	S05	nns	yes	no	0
1371	S05	nns	no	no	10
1372	S05	nns	yes	no	0
1373	S05	nns	yes	no	0
1374	S06	ns	no	no	10
1375	S06	ns	no	no	10
1376	S05	nns	yes	no	10
1377	S06	ns	yes	no	8
1378	S05	nns	no	no	0
1379	S06	ns	no	no	10
1380	S06	ns	no	no	10
1381	S06	ns	yes	no	0
1382	S05	nns	no	no	10
1383	S06	ns	yes	no	10
1384	S05	nns	no	no	10
1385	S06	ns	yes	yes	10
1386	S06	ns	no	yes	0
1387	S06	ns	no	no	10
1388	S05	nns	no	no	10
1389	S06	ns	no	no	10
1390	S06	ns	no	no	10
1391	S05	nns	no	no	10
1392	S06	ns	no	no	10
1393	S06	ns	yes	no	0
1394	S05	nns	no	no	10
1395	S06	ns	yes	no	0
1396	S05	nns	no	no	10
1397	S06	ns	no	no	10
1398	S06	ns	yes	no	6
1399	S05	nns	no	no	10
1400	S06	ns	no	no	10
1401	S06	ns	no	no	0
1402	S05	nns	no	no	10
1403	S06	ns	no	no	10
1404	S05	nns	no	no	10
1405	S06	ns	no	no	9
1406	S06	ns	no	no	10
1407	S06	ns	no	no	10
1408	S06	ns	no	no	10
1409	S05	nns	no	no	10
1410	S05	nns	yes	no	0
1411	S06	ns	no	no	10
1412	S05	nns	no	no	10
1413	S06	ns	yes	no	10
1414	S05	nns	no	no	10
1415	S05	nns	yes	yes	8
1416	S06	ns	no	no	10
1417	S06	ns	no	no	10
1418	S06	ns	no	no	9
1419	S06	ns	no	no	10
1420	S06	ns	no	no	10
1421	S06	ns	no	no	10
1422	S06	ns	no	no	10
1423	S05	nns	no	no	9
1424	S05	nns	no	no	10
1425	S05	nns	no	no	9
1426	S06	ns	no	no	10
1427	S06	ns	yes	no	10
1428	S05	nns	yes	no	9
1429	S06	ns	no	no	10
1430	S06	ns	no	no	10
1431	S05	nns	yes	no	0
1432	S05	nns	no	no	10
1433	S06	ns	no	no	10
1434	S06	ns	no	no	10
1435	S06	ns	no	no	10
1436	S05	nns	no	no	10
1437	S06	ns	no	no	10
1438	S06	ns	no	no	7
1439	S05	nns	no	no	10
1440	S06	ns	no	no	0
1441	S06	ns	yes	yes	10
1442	S06	ns	no	no	10
1443	S06	ns	no	no	0
1444	S05	nns	yes	no	9
1445	S05	nns	no	no	4
1446	S05	nns	no	no	10
1447	S05	nns	yes	no	0
1448	S05	nns	no	no	10
1449	S05	nns	yes	no	0
1450	S05	nns	yes	no	0
1451	S06	ns	yes	no	8
1452	S06	ns	yes	no	10
1453	S06	ns	yes	no	10
1454	S06	ns	no	no	10
1455	S06	ns	no	no	10
1456	S05	nns	no	no	9
1457	S06	ns	no	no	10
1458	S06	ns	yes	no	0
1459	S06	ns	no	no	10
1460	S05	nns	no	no	0
1461	S06	ns	no	no	9
1462	S06	ns	no	no	10
1463	S06	ns	no	no	10
1464	S05	nns	no	no	10
1465	S06	ns	no	no	10
1466	S06	ns	no	no	9
1467	S06	ns	no	no	10
1468	S06	ns	no	no	10
1469	S06	ns	no	no	10
1470	S06	ns	no	no	10
1471	S06	ns	no	no	9
1472	S06	ns	no	no	10
1473	S06	ns	yes	no	10
1474	S05	nns	no	no	10
1475	S05	nns	no	no	0
1476	S05	nns	yes	no	8
1477	S06	ns	no	no	8
1478	S06	ns	no	no	10
1479	S06	ns	no	no	10
1480	S05	nns	no	no	1
1481	S06	ns	no	no	10
1482	S05	nns	yes	yes	10
1483	S06	ns	no	no	10
1484	S06	ns	no	no	10
1485	S06	ns	no	no	10
1486	S06	ns	no	no	8
1487	S05	nns	yes	no	10
1488	S06	ns	no	no	10
1489	S05	nns	yes	no	0
1490	S06	ns	no	no	8
1491	S06	ns	no	no	10
1492	S06	ns	yes	no	6
1493	S06	ns	no	no	10
1494	S06	ns	no	no	10
1495	S06	ns	yes	no	0
1496	S05	nns	no	no	10
1497	S06	ns	no	no	10
1498	S05	nns	no	no	10
1499	S05	nns	no	no	10
1500	S05	nns	yes	no	9
1501	S06	ns	no	no	10
1502	S06	ns	yes	no	0
1503	S06	ns	yes	no	5
1504	S05	nns	no	no	10
1505	S06	ns	yes	no	0
1506	S06	ns	no	no	10
1507	S05	nns	no	no	10
1508	S05	nns	no	no	9
1509	S05	nns	yes	no	0
1510	S06	ns	no	no	10
1511	S06	ns	no	no	10
1512	S06	ns	no	no	10
1513	S05	nns	no	no	9
1514	S06	ns	no	no	10
1515	S06	ns	no	no	10
1516	S06	ns	no	no	10
1517	S06	ns	no	no	10
1518	S05	nns	no	no	10
1519	S06	ns	no	no	4
1520	S05	nns	no	no	0
1521	S06	ns	no	no	10
1522	S05	nns	no	no	10
1523	S06	ns	no	no	10
1524	S05	nns	no	no	10
1525	S06	ns	no	no	10
1526	S05	nns	no	no	8
1527	S06	ns	no	no	10
1528	S06	ns	no	no	0
1529	S05	nns	no	no	10
1530	S06	ns	yes	no	10
1531	S07	nns	no	no	10
1532	S08	ns	no	no	10
1533	S08	ns	no	no	10
1534	S08	ns	no	no	10
1535	S08	ns	no	no	10
1536	S08	ns	no	no	10
1537	S08	ns	no	no	10
1538	S08	ns	no	no	10
1539	S07	nns	yes	no	0
1540	S07	nns	no	no	10
1541	S07	nns	no	no	10
1542	S08	ns	no	no	10
1543	S08	ns	no	no	10
1544	S07	nns	no	no	9
1545	S08	ns	no	no	0
1546	S08	ns	no	no	0
1547	S07	nns	yes	no	10
1548	S08	ns	no	no	8
1549	S07	nns	no	no	10
1550	S07	nns	no	no	10
1551	S08	ns	no	no	9
1552	S08	ns	no	no	10
1553	S08	ns	yes	no	10
1554	S07	nns	no	no	10
1555	S08	ns	yes	no	3
1556	S08	ns	no	no	10
1557	S08	ns	no	no	10
1558	S08	ns	no	no	0
1559	S07	nns	no	no	10
1560	S08	ns	no	no	10
1561	S07	nns	no	no	10
1562	S07	nns	no	no	10
1563	S07	nns	no	no	10
1564	S08	ns	no	no	10
1565	S07	nns	no	no	9
1566	S08	ns	no	no	10
1567	S08	ns	no	no	10
1568	S08	ns	no	no	10
1569	S08	ns	no	no	10
1570	S07	nns	no	no	10
1571	S07	nns	no	no	10
1572	S08	ns	no	no	10
1573	S08	ns	no	no	10
1574	S08	ns	no	no	10
1575	S07	nns	yes	no	10
1576	S07	nns	no	no	10
1577	S08	ns	no	no	10
1578	S07	nns	no	no	10
1579	S08	ns	no	no	10
1580	S07	nns	yes	no	10
1581	S08	ns	yes	no	0
1582	S07	nns	no	no	10
1583	S07	nns	no	no	9
1584	S08	ns	no	no	10
1585	S08	ns	no	no	10
1586	S08	ns	no	no	10
1587	S08	ns	no	no	10
1588	S08	ns	no	no	10
1589	S07	nns	no	no	10
1590	S08	ns	yes	no	5
1591	S08	ns	yes	no	10
1592	S08	ns	yes	yes	9
1593	S08	ns	yes	no	10
1594	S07	nns	no	no	0
1595	S08	ns	no	no	10
1596	S08	ns	yes	no	10
1597	S08	ns	no	no	10
1598	S07	nns	no	no	10
1599	S08	ns	no	no	10
1600	S08	ns	no	no	10
1601	S08	ns	yes	no	9
1602	S07	nns	yes	no	6
1603	S07	nns	no	no	10
1604	S08	ns	no	no	10
1605	S08	ns	no	no	10
1606	S07	nns	yes	no	0
1607	S07	nns	yes	no	10
1608	S07	nns	no	no	10
1609	S08	ns	yes	no	7
1610	S07	nns	no	no	10
1611	S07	nns	no	no	10
1612	S08	ns	no	no	10
1613	S07	nns	no	no	10
1614	S08	ns	yes	no	8
1615	S07	nns	no	no	10
1616	S08	ns	yes	no	0
1617	S07	nns	no	no	10
1618	S08	ns	no	no	10
1619	S08	ns	no	no	10
1620	S08	ns	yes	no	0
1621	S07	nns	yes	no	0
1622	S07	nns	no	no	10
1623	S08	ns	no	no	10
1624	S08	ns	no	no	10
1625	S08	ns	no	no	10
1626	S08	ns	no	no	8
1627	S08	ns	no	no	10
1628	S07	nns	yes	no	9
1629	S08	ns	no	no	10
1630	S07	nns	yes	no	10
1631	S08	ns	no	no	10
1632	S08	ns	yes	yes	10
1633	S08	ns	no	no	10
1634	S07	nns	no	no	10
1635	S08	ns	no	no	10
1636	S08	ns	no	no	10
1637	S08	ns	no	no	10
1638	S08	ns	no	no	10
1639	S08	ns	no	yes	10
1640	S07	nns	no	no	10
1641	S08	ns	yes	no	10
1642	S08	ns	no	yes	0
1643	S07	nns	yes	no	0
1644	S07	nns	yes	no	0
1645	S07	nns	no	no	10
1646	S07	nns	no	no	8
1647	S08	ns	yes	no	6
1648	S08	ns	no	no	10
1649	S07	nns	no	no	10
1650	S08	ns	no	no	10
1651	S07	nns	no	no	10
1652	S08	ns	no	no	10
1653	S08	ns	no	yes	10
1654	S08	ns	no	no	10
1655	S08	ns	yes	no	0
1656	S08	ns	no	no	10
1657	S08	ns	no	no	10
1658	S07	nns	no	no	10
1659	S08	ns	yes	no	9
1660	S08	ns	yes	no	0
1661	S07	nns	no	no	9
1662	S07	nns	yes	no	0
1663	S07	nns	no	no	8
1664	S08	ns	yes	no	0
1665	S08	ns	yes	no	0
1666	S08	ns	no	no	10
1667	S08	ns	no	no	10
1668	S08	ns	no	no	10
1669	S07	nns	no	no	10
1670	S07	nns	no	no	0
1671	S07	nns	no	no	10
1672	S07	nns	yes	no	10
1673	S08	ns	yes	no	9
1674	S07	nns	no	no	10
1675	S08	ns	yes	no	0
1676	S08	ns	yes	no	10
1677	S07	nns	no	no	9
1678	S08	ns	yes	no	10
1679	S07	nns	no	no	10
1680	S07	nns	no	no	10
1681	S08	ns	no	no	10
1682	S08	ns	no	no	10
1683	S07	nns	yes	no	9
1684	S08	ns	no	no	10
1685	S07	nns	no	no	10
1686	S08	ns	no	no	10
1687	S08	ns	yes	no	0
1688	S08	ns	no	no	10
1689	S08	ns	yes	no	4
1690	S07	nns	yes	no	10
1691	S08	ns	no	no	10
1692	S07	nns	no	no	10
1693	S07	nns	no	no	0
1694	S07	nns	yes	no	0
1695	S08	ns	no	no	10
1696	S08	ns	no	no	10
1697	S08	ns	yes	no	0
1698	S08	ns	no	no	10
1699	S08	ns	no	no	10
1700	S08	ns	yes	no	10
1701	S08	ns	no	no	7
1702	S08	ns	no	no	10
1703	S07	nns	no	no	10
1704	S08	ns	no	no	10
1705	S08	ns	no	no	10
1706	S08	ns	no	no	6
1707	S07	nns	no	no	10
1708	S08	ns	yes	no	0
1709	S07	nns	no	no	10
1710	S08	ns	no	no	10
1711	S08	ns	no	no	10
1712	S07	nns	no	no	9
1713	S07	nns	no	no	10
1714	S08	ns	no	no	10
1715	S07	nns	no	no	10
1716	S07	nns	yes	no	0
1717	S08	ns	yes	no	10
1718	S08	ns	no	no	10
1719	S08	ns	no	no	5
1720	S08	ns	no	no	10
1721	S08	ns	no	no	10
1722	S07	nns	no	no	10
1723	S08	ns	no	no	10
1724	S07	nns	no	no	9
1725	S08	ns	no	no	10
1726	S08	ns	no	no	10
1727	S07	nns	no	no	10
1728	S08	ns	yes	no	0
1729	S08	ns	no	no	10
1730	S08	ns	no	no	10
1731	S07	nns	yes	no	0
1732	S08	ns	no	no	7
1733	S07	nns	yes	no	10
1734	S08	ns	no	no	10
1735	S08	ns	no	no	10
1736	S08	ns	no	no	10
1737	S08	ns	no	no	6
1738	S07	nns	no	no	0
1739	S08	ns	no	no	9
1740	S07	nns	yes	no	0
1741	S08	ns	no	no	10
1742	S08	ns	yes	no	7
1743	S07	nns	yes	no	10
1744	S08	ns	no	no	10
1745	S08	ns	yes	no	0
1746	S08	ns	no	no	10
1747	S08	ns	no	no	10
1748	S08	ns	no	no	10
1749	S07	nns	no	no	9
1750	S08	ns	no	no	10
1751	S08	ns	no	no	10
1752	S08	ns	no	no	10
1753	S08	ns	no	no	10
1754	S08	ns	yes	no	4
1755	S08	ns	yes	no	10
1756	S07	nns	no	no	10
1757	S08	ns	no	no	10
1758	S08	ns	no	no	10
1759	S07	nns	no	no	10
1760	S08	ns	no	no	9
1761	S08	ns	yes	no	10
1762	S08	ns	no	no	10
1763	S07	nns	yes	no	0
1764	S08	ns	no	no	10
1765	S08	ns	no	no	10
1766	S07	nns	no	no	10
1767	S08	ns	no	no	10
1768	S08	ns	no	no	10
1769	S08	ns	no	no	10
1770	S07	nns	no	no	10
1771	S08	ns	yes	no	10
1772	S08	ns	no	no	10
1773	S08	ns	no	no	10
1774	S07	nns	yes	no	0
1775	S08	ns	no	no	10
1776	S07	nns	no	no	10
1777	S07	nns	no	no	10
1778	S08	ns	no	no	10
1779	S08	ns	no	no	10
1780	S08	ns	no	no	10
1781	S08	ns	no	no	10
1782	S08	ns	no	no	10
1783	S08	ns	no	no	10
1784	S08	ns	no	no	10
1785	S08	ns	no	no	10
1786	S08	ns	no	no	10
1787	S08	ns	yes	no	0
1788	S08	ns	no	no	10
1789	S08	ns	no	no	10
1790	S08	ns	yes	yes	0
1791	S08	ns	no	no	9
1792	S08	ns	no	no	9
1793	S08	ns	no	no	0
1794	S07	nns	no	no	10
1795	S08	ns	yes	no	0
1796	S08	ns	no	no	10
1797	S08	ns	no	no	10
1798	S08	ns	no	no	10
1799	S07	nns	yes	no	10
1800	S07	nns	no	no	10
1801	S08	ns	no	no	10
1802	S08	ns	no	no	10
1803	S07	nns	yes	no	8
1804	S08	ns	yes	no	0
1805	S08	ns	no	no	10
1806	S08	ns	no	no	8
1807	S07	nns	no	no	0
1808	S08	ns	no	no	8
1809	S08	ns	no	no	10
1810	S07	nns	no	no	10
1811	S08	ns	no	no	10
1812	S08	ns	no	no	10
1813	S08	ns	yes	yes	0
1814	S08	ns	yes	no	10
1815	S07	nns	yes	no	10
1816	S07	nns	no	no	10
1817	S08	ns	no	no	10
1818	S08	ns	no	no	10
1819	S08	ns	no	no	10
1820	S07	nns	yes	yes	10
1821	S07	nns	no	no	10
1822	S08	ns	yes	no	10
1823	S07	nns	no	no	10
1824	S08	ns	yes	no	10
1825	S08	ns	yes	no	10
1826	S08	ns	no	no	10
1827	S07	nns	no	no	10
1828	S07	nns	yes	no	10
1829	S07	nns	no	no	10
1830	S08	ns	yes	yes	8
1831	S08	ns	no	no	10
1832	S07	nns	no	no	10
1833	S08	ns	no	no	10
1834	S08	ns	no	no	9
1835	S07	nns	no	no	9
1836	S08	ns	no	no	10
1837	S08	ns	no	no	10
1838	S08	ns	no	no	10
1839	S07	nns	yes	yes	10
1840	S08	ns	no	no	10
1841	S07	nns	yes	no	0
1842	S08	ns	yes	no	8
1843	S08	ns	no	no	10
1844	S07	nns	yes	no	10
1845	S07	nns	no	no	10
1846	S08	ns	no	no	10
1847	S08	ns	no	no	10
1848	S07	nns	yes	no	8
1849	S08	ns	yes	no	0
1850	S08	ns	no	no	10
1851	S08	ns	no	no	10
1852	S08	ns	no	no	9
1853	S07	nns	no	no	10
1854	S08	ns	yes	no	10
1855	S08	ns	no	no	10
1856	S07	nns	yes	no	10
1857	S08	ns	no	no	10
1858	S08	ns	no	no	10
1859	S08	ns	no	no	10
1860	S07	nns	no	no	10
1861	S08	ns	yes	yes	0
1862	S08	ns	yes	no	10
1863	S07	nns	no	no	10
1864	S08	ns	no	no	10
1865	S08	ns	no	no	10
1866	S07	nns	no	no	10
1867	S08	ns	yes	yes	3
1868	S08	ns	no	no	10
1869	S07	nns	no	no	10
1870	S08	ns	no	no	10
1871	S08	ns	no	no	10
1872	S08	ns	no	no	10
1873	S07	nns	no	no	10
1874	S08	ns	yes	yes	0
1875	S08	ns	no	no	6
1876	S07	nns	yes	no	0
1877	S08	ns	no	no	10
1878	S07	nns	no	no	10
1879	S07	nns	no	no	10
1880	S08	ns	no	no	10
1881	S07	nns	no	no	10
1882	S08	ns	no	no	10
1883	S08	ns	no	no	10
1884	S08	ns	yes	yes	0
1885	S07	nns	no	no	10
1886	S08	ns	no	no	10
1887	S07	nns	yes	no	0
1888	S08	ns	no	no	10
1889	S08	ns	no	no	10
1890	S07	nns	no	no	10
1891	S08	ns	yes	no	10
1892	S08	ns	no	no	10
1893	S07	nns	no	no	10
1894	S08	ns	yes	no	7
1895	S08	ns	no	no	2
1896	S08	ns	no	no	10
1897	S07	nns	yes	no	10
1898	S07	nns	no	no	10
1899	S08	ns	no	no	10
1900	S08	ns	no	no	10
1901	S08	ns	no	no	10
1902	S08	ns	yes	no	10
1903	S08	ns	no	no	10
1904	S08	ns	no	no	10
1905	S08	ns	no	no	10
1906	S08	ns	no	no	10
1907	S08	ns	yes	no	0
1908	S08	ns	no	no	10
1909	S08	ns	no	no	10
1910	S08	ns	no	no	10
1911	S08	ns	no	no	10
1912	S07	nns	no	no	9
1913	S07	nns	no	no	10
1914	S08	ns	yes	no	9
1915	S08	ns	no	no	10
1916	S08	ns	no	no	10
1917	S07	nns	yes	no	0
1918	S07	nns	no	no	10
1919	S07	nns	no	no	10
1920	S08	ns	no	no	10
1921	S08	ns	yes	no	0
1922	S08	ns	no	no	10
1923	S07	nns	no	no	10
1924	S08	ns	no	no	10
1925	S07	nns	no	no	10
1926	S08	ns	no	no	10
1927	S08	ns	yes	no	8
1928	S08	ns	no	no	10
1929	S08	ns	yes	no	0
1930	S08	ns	no	no	10
1931	S08	ns	no	no	10
1932	S08	ns	no	no	10
1933	S07	nns	no	no	10
1934	S08	ns	no	no	10
1935	S07	nns	yes	no	4
1936	S08	ns	no	no	10
1937	S08	ns	yes	no	10
1938	S08	ns	no	no	10
1939	S07	nns	no	no	10
1940	S07	nns	no	no	10
1941	S08	ns	no	no	0
1942	S07	nns	no	no	10
1943	S07	nns	no	no	0
1944	S08	ns	yes	no	10
1945	S08	ns	no	no	10
1946	S08	ns	no	no	10
1947	S07	nns	no	no	10
1948	S07	nns	yes	no	0
1949	S07	nns	yes	no	8
1950	S07	nns	yes	no	10
1951	S08	ns	no	no	10
1952	S07	nns	no	no	10
1953	S08	ns	yes	no	0
1954	S07	nns	yes	no	10
1955	S07	nns	no	no	10
1956	S08	ns	no	no	9
1957	S08	ns	yes	no	0
1958	S07	nns	yes	no	10
1959	S07	nns	no	no	9
1960	S08	ns	yes	no	5
1961	S08	ns	no	no	10
1962	S08	ns	no	no	9
1963	S07	nns	yes	no	9
1964	S07	nns	yes	no	0
1965	S08	ns	no	no	10
1966	S08	ns	yes	no	0
1967	S07	nns	no	no	8
1968	S07	nns	yes	no	7
1969	S07	nns	no	no	10
1970	S07	nns	no	no	10
1971	S07	nns	no	no	9
1972	S08	ns	no	no	10
1973	S08	ns	no	no	10
1974	S08	ns	no	no	10
1975	S07	nns	no	no	10
1976	S08	ns	no	no	0
1977	S07	nns	no	no	9
1978	S07	nns	no	no	10
1979	S07	nns	no	no	9
1980	S07	nns	no	no	10
1981	S08	ns	no	no	10
1982	S08	ns	no	no	10
1983	S07	nns	no	no	10
1984	S07	nns	no	no	10
1985	S07	nns	yes	no	10
1986	S07	nns	no	no	10
1987	S08	ns	no	no	10
1988	S07	nns	no	no	10
1989	S08	ns	yes	no	0
1990	S07	nns	yes	no	10
1991	S07	nns	no	no	10
1992	S08	ns	yes	no	0
1993	S08	ns	yes	no	10
1994	S08	ns	yes	no	0
1995	S07	nns	no	no	10
1996	S08	ns	no	no	10
1997	S07	nns	no	no	10
1998	S08	ns	no	no	10
1999	S07	nns	no	no	10
2000	S07	nns	no	no	10
2001	S07	nns	no	no	10
2002	S08	ns	yes	no	10
2003	S08	ns	yes	no	10
2004	S08	ns	no	no	10
2005	S08	ns	no	no	10
2006	S07	nns	no	no	10
2007	S07	nns	no	no	10
2008	S08	ns	no	no	10
2009	S07	nns	no	no	0
2010	S07	nns	no	no	10
2011	S08	ns	no	no	0
2012	S07	nns	no	no	10
2013	S08	ns	no	no	10
2014	S08	ns	no	no	10
2015	S07	nns	yes	no	0
2016	S07	nns	yes	yes	8
2017	S08	ns	no	no	10
2018	S08	ns	yes	no	10
2019	S07	nns	yes	no	0
2020	S08	ns	no	no	10
2021	S08	ns	no	no	10
2022	S08	ns	yes	no	10
2023	S08	ns	no	no	10
2024	S07	nns	no	no	9
2025	S08	ns	no	no	10
2026	S08	ns	no	no	10
2027	S08	ns	no	no	10
2028	S07	nns	no	no	10
2029	S08	ns	no	no	10
2030	S08	ns	no	no	10
2031	S08	ns	no	no	10
2032	S07	nns	no	no	10
2033	S09	nns	no	no	10
2034	S10	ns	no	no	9
2035	S09	nns	yes	no	0
2036	S10	ns	no	no	10
2037	S10	ns	no	no	10
2038	S10	ns	no	no	10
2039	S10	ns	no	no	10
2040	S10	ns	no	no	9
2041	S10	ns	no	no	10
2042	S10	ns	no	no	8
2043	S09	nns	yes	no	9
2044	S09	nns	no	no	9
2045	S10	ns	yes	no	0
2046	S09	nns	no	no	0
2047	S10	ns	no	no	10
2048	S09	nns	no	no	10
2049	S10	ns	no	no	10
2050	S09	nns	yes	no	10
2051	S10	ns	no	no	0
2052	S09	nns	yes	no	0
2053	S09	nns	yes	no	10
2054	S09	nns	no	no	10
2055	S10	ns	no	no	10
2056	S09	nns	no	no	0
2057	S10	ns	no	no	9
2058	S09	nns	yes	no	0
2059	S10	ns	no	no	9
2060	S09	nns	yes	no	10
2061	S10	ns	no	no	10
2062	S10	ns	no	no	8
2063	S09	nns	yes	no	0
2064	S10	ns	no	no	10
2065	S10	ns	no	no	10
2066	S09	nns	no	no	10
2067	S09	nns	no	no	10
2068	S10	ns	no	no	0
2069	S09	nns	no	no	10
2070	S09	nns	no	no	9
2071	S10	ns	no	no	10
2072	S10	ns	yes	no	10
2073	S10	ns	no	no	10
2074	S10	ns	no	no	0
2075	S10	ns	yes	no	3
2076	S09	nns	no	no	10
2077	S09	nns	no	no	8
2078	S10	ns	no	no	10
2079	S10	ns	no	no	10
2080	S09	nns	no	no	10
2081	S10	ns	no	no	0
2082	S09	nns	no	no	0
2083	S09	nns	no	no	10
2084	S10	ns	yes	no	10
2085	S09	nns	no	no	10
2086	S09	nns	no	no	10
2087	S09	nns	no	no	10
2088	S09	nns	no	no	9
2089	S09	nns	yes	no	0
2090	S09	nns	no	no	9
2091	S09	nns	no	no	10
2092	S09	nns	yes	yes	10
2093	S10	ns	no	no	10
2094	S09	nns	no	no	10
2095	S09	nns	no	no	8
2096	S09	nns	no	no	8
2097	S10	ns	no	no	10
2098	S09	nns	no	no	10
2099	S09	nns	no	no	10
2100	S09	nns	no	no	10
2101	S09	nns	no	no	10
2102	S10	ns	no	no	10
2103	S09	nns	yes	no	10
2104	S09	nns	no	no	8
2105	S10	ns	no	no	10
2106	S09	nns	no	no	10
2107	S10	ns	no	no	10
2108	S09	nns	yes	no	0
2109	S10	ns	no	no	9
2110	S10	ns	no	no	10
2111	S09	nns	no	no	10
2112	S10	ns	no	no	10
2113	S10	ns	no	no	10
2114	S09	nns	yes	yes	0
2115	S10	ns	no	no	10
2116	S09	nns	no	no	10
2117	S09	nns	no	no	10
2118	S10	ns	no	no	10
2119	S10	ns	no	yes	0
2120	S09	nns	no	no	5
2121	S09	nns	yes	no	10
2122	S10	ns	no	no	9
2123	S10	ns	no	no	10
2124	S09	nns	no	no	0
2125	S09	nns	yes	no	0
2126	S10	ns	no	no	9
2127	S10	ns	no	no	10
2128	S09	nns	no	no	10
2129	S10	ns	yes	no	10
2130	S09	nns	yes	no	0
2131	S10	ns	no	no	10
2132	S09	nns	no	no	10
2133	S09	nns	no	no	10
2134	S09	nns	no	no	10
2135	S09	nns	no	no	10
2136	S09	nns	no	no	10
2137	S09	nns	no	no	10
2138	S10	ns	no	no	10
2139	S10	ns	no	no	10
2140	S09	nns	no	no	10
2141	S10	ns	no	no	10
2142	S09	nns	yes	no	1
2143	S09	nns	no	no	9
2144	S10	ns	no	no	10
2145	S09	nns	yes	no	10
2146	S10	ns	no	no	10
2147	S10	ns	no	yes	0
2148	S09	nns	no	no	10
2149	S09	nns	yes	no	0
2150	S10	ns	no	no	10
2151	S10	ns	no	no	7
2152	S09	nns	no	no	10
2153	S09	nns	no	no	10
2154	S09	nns	no	no	10
2155	S10	ns	yes	no	0
2156	S09	nns	no	no	10
2157	S10	ns	yes	no	10
2158	S09	nns	no	no	0
2159	S09	nns	no	no	6
2160	S09	nns	no	no	10
2161	S10	ns	no	no	0
2162	S10	ns	yes	no	10
2163	S09	nns	yes	no	5
2164	S10	ns	yes	no	10
2165	S09	nns	no	no	0
2166	S10	ns	yes	no	10
2167	S10	ns	no	no	10
2168	S09	nns	no	no	7
2169	S10	ns	yes	no	0
2170	S09	nns	no	no	7
2171	S10	ns	no	no	10
2172	S09	nns	no	no	9
2173	S09	nns	no	no	10
2174	S09	nns	no	no	10
2175	S09	nns	no	no	8
2176	S10	ns	no	no	10
2177	S09	nns	no	no	10
2178	S09	nns	no	no	10
2179	S09	nns	no	no	10
2180	S10	ns	no	no	10
2181	S09	nns	no	no	10
2182	S09	nns	no	no	10
2183	S09	nns	no	no	6
2184	S09	nns	no	no	10
2185	S09	nns	no	no	10
2186	S09	nns	no	no	10
2187	S10	ns	no	no	10
2188	S09	nns	no	no	6
2189	S09	nns	no	no	10
2190	S10	ns	no	no	9
2191	S09	nns	no	no	10
2192	S10	ns	no	no	10
2193	S09	nns	yes	no	5
2194	S09	nns	no	no	10
2195	S09	nns	no	no	9
2196	S10	ns	yes	yes	10
2197	S09	nns	no	no	10
2198	S10	ns	no	no	0
2199	S10	ns	no	no	10
2200	S10	ns	no	no	10
2201	S09	nns	yes	no	10
2202	S09	nns	yes	no	0
2203	S09	nns	no	no	10
2204	S10	ns	no	no	9
2205	S10	ns	no	no	10
2206	S10	ns	no	no	10
2207	S09	nns	no	no	10
2208	S09	nns	no	no	10
2209	S09	nns	no	no	9
2210	S10	ns	no	no	10
2211	S10	ns	no	no	10
2212	S09	nns	no	no	10
2213	S09	nns	no	no	10
2214	S09	nns	no	no	10
2215	S10	ns	no	no	10
2216	S09	nns	yes	no	9
2217	S09	nns	no	no	9
2218	S09	nns	no	no	10
2219	S09	nns	yes	no	0
2220	S09	nns	yes	no	10
2221	S10	ns	yes	no	0
2222	S09	nns	no	no	8
2223	S09	nns	no	no	10
2224	S10	ns	no	no	10
2225	S10	ns	yes	no	10
2226	S09	nns	no	no	10
2227	S10	ns	no	no	10
2228	S10	ns	no	no	0
2229	S10	ns	no	no	8
2230	S09	nns	no	no	10
2231	S10	ns	no	no	10
2232	S09	nns	no	no	10
2233	S09	nns	no	no	10
2234	S09	nns	no	no	10
2235	S10	ns	no	no	10
2236	S09	nns	no	no	10
2237	S10	ns	no	no	10
2238	S10	ns	no	no	9
2239	S09	nns	no	no	10
2240	S09	nns	no	no	10
2241	S09	nns	no	no	10
2242	S10	ns	no	no	0
2243	S09	nns	no	no	10
2244	S09	nns	no	no	10
2245	S10	ns	yes	no	10
2246	S10	ns	no	no	10
2247	S10	ns	no	no	10
2248	S09	nns	no	no	10
2249	S09	nns	no	no	10
2250	S10	ns	yes	no	10
2251	S10	ns	no	no	10
2252	S10	ns	no	no	10
2253	S09	nns	yes	no	9
2254	S10	ns	no	no	10
2255	S10	ns	no	no	10
2256	S09	nns	no	no	10
2257	S09	nns	no	no	8
2258	S09	nns	yes	no	0
2259	S09	nns	no	no	10
2260	S10	ns	no	no	9
2261	S09	nns	no	no	10
2262	S09	nns	yes	no	0
2263	S09	nns	no	no	8
2264	S09	nns	no	no	10
2265	S10	ns	no	no	10
2266	S10	ns	no	no	0
2267	S10	ns	yes	no	10
2268	S09	nns	no	no	9
2269	S09	nns	no	no	10
2270	S09	nns	no	no	10
2271	S09	nns	no	no	10
2272	S09	nns	no	no	10
2273	S10	ns	no	no	10
2274	S09	nns	yes	no	9
2275	S10	ns	no	no	10
2276	S09	nns	no	no	10
2277	S10	ns	no	no	10
2278	S09	nns	no	no	10
2279	S10	ns	no	no	10
2280	S09	nns	no	no	10
2281	S10	ns	no	no	10
2282	S09	nns	no	no	9
2283	S10	ns	yes	no	0
2284	S09	nns	no	no	10
2285	S10	ns	yes	no	0
2286	S10	ns	no	no	10
2287	S09	nns	yes	no	0
2288	S09	nns	no	no	8
2289	S09	nns	no	no	9
2290	S09	nns	no	no	10
2291	S10	ns	no	no	10
2292	S09	nns	no	no	10
2293	S10	ns	yes	yes	10
2294	S09	nns	no	no	10
2295	S09	nns	no	no	10
2296	S10	ns	no	no	10
2297	S10	ns	no	no	10
2298	S10	ns	yes	no	10
2299	S10	ns	no	no	10
2300	S10	ns	no	no	10
2301	S09	nns	no	no	10
2302	S10	ns	no	no	10
2303	S09	nns	no	no	10
2304	S09	nns	yes	no	0
2305	S09	nns	yes	no	0
2306	S09	nns	no	no	10
2307	S09	nns	yes	no	0
2308	S10	ns	no	no	10
2309	S10	ns	no	no	10
2310	S09	nns	no	no	10
2311	S10	ns	no	no	10
2312	S10	ns	no	no	10
2313	S09	nns	no	no	4
2314	S10	ns	no	no	10
2315	S09	nns	yes	yes	0
2316	S10	ns	no	no	10
2317	S10	ns	no	no	10
2318	S10	ns	no	no	10
2319	S10	ns	no	no	10
2320	S09	nns	no	no	10
2321	S10	ns	no	no	10
2322	S10	ns	no	no	0
2323	S09	nns	no	no	10
2324	S09	nns	no	no	10
2325	S09	nns	no	no	10
2326	S10	ns	no	no	10
2327	S09	nns	yes	no	0
2328	S10	ns	no	no	9
2329	S10	ns	no	no	0
2330	S09	nns	yes	no	0
2331	S10	ns	no	no	10
2332	S10	ns	no	no	0
2333	S10	ns	no	no	10
2334	S10	ns	no	no	9
2335	S09	nns	no	no	8
2336	S10	ns	no	no	10
2337	S09	nns	no	no	8
2338	S10	ns	no	no	10
2339	S10	ns	no	no	10
2340	S09	nns	no	no	10
2341	S10	ns	yes	no	8
2342	S09	nns	no	no	10
2343	S09	nns	no	no	10
2344	S09	nns	no	no	10
2345	S10	ns	no	no	10
2346	S09	nns	yes	no	10
2347	S10	ns	no	no	10
2348	S09	nns	yes	no	9
2349	S09	nns	yes	no	0
2350	S09	nns	no	no	10
2351	S09	nns	no	no	10
2352	S09	nns	no	no	10
2353	S09	nns	no	no	10
2354	S10	ns	yes	yes	10
2355	S09	nns	no	no	10
2356	S09	nns	no	no	10
2357	S09	nns	no	no	10
2358	S09	nns	no	no	10
2359	S09	nns	no	no	0
2360	S09	nns	no	no	10
2361	S10	ns	yes	no	10
2362	S10	ns	no	no	10
2363	S10	ns	no	no	10
2364	S10	ns	no	no	10
2365	S10	ns	no	no	10
2366	S09	nns	no	no	10
2367	S09	nns	no	no	9
2368	S09	nns	no	no	10
2369	S10	ns	yes	no	0
2370	S10	ns	no	no	4
2371	S10	ns	no	no	10
2372	S09	nns	yes	no	0
2373	S09	nns	no	no	10
2374	S10	ns	yes	no	10
2375	S09	nns	no	no	10
2376	S10	ns	no	no	10
2377	S10	ns	no	no	7
2378	S10	ns	yes	no	0
2379	S09	nns	no	no	10
2380	S10	ns	no	no	7
2381	S10	ns	yes	no	9
2382	S10	ns	no	no	10
2383	S09	nns	no	no	10
2384	S09	nns	yes	no	0
2385	S10	ns	no	no	8
2386	S10	ns	no	no	9
2387	S10	ns	no	no	10
2388	S10	ns	no	no	0
2389	S09	nns	no	no	10
2390	S09	nns	no	no	10
2391	S09	nns	no	no	10
2392	S09	nns	no	no	10
2393	S10	ns	no	no	10
2394	S09	nns	no	no	10
2395	S09	nns	no	no	10
2396	S09	nns	yes	no	10
2397	S10	ns	yes	no	0
2398	S09	nns	no	no	10
2399	S09	nns	no	no	10
2400	S09	nns	no	no	10
2401	S09	nns	no	no	10
2402	S09	nns	yes	no	0
2403	S09	nns	no	no	9
2404	S09	nns	no	no	10
2405	S09	nns	no	no	10
2406	S09	nns	yes	no	10
2407	S10	ns	no	no	7
2408	S09	nns	no	no	10
2409	S10	ns	no	no	10
2410	S09	nns	no	no	0
2411	S09	nns	no	no	10
2412	S09	nns	no	no	10
2413	S10	ns	no	no	10
2414	S09	nns	yes	no	0
2415	S10	ns	yes	yes	0
2416	S10	ns	no	no	10
2417	S09	nns	yes	no	10
2418	S09	nns	no	no	10
2419	S09	nns	no	no	0
2420	S09	nns	no	no	10
2421	S09	nns	no	no	10
2422	S10	ns	no	no	9
2423	S09	nns	no	no	10
2424	S10	ns	no	no	10
2425	S10	ns	no	no	10
2426	S10	ns	no	no	10
2427	S10	ns	yes	no	0
2428	S10	ns	no	no	10
2429	S10	ns	yes	no	0
2430	S09	nns	no	no	10
2431	S09	nns	no	no	10
2432	S10	ns	no	no	10
2433	S09	nns	no	no	10
2434	S10	ns	yes	no	10
2435	S10	ns	yes	no	10
2436	S09	nns	no	no	10
2437	S09	nns	no	no	10
2438	S10	ns	yes	no	0
2439	S10	ns	no	yes	6
2440	S09	nns	no	no	10
2441	S09	nns	no	no	10
2442	S09	nns	no	no	0
2443	S09	nns	yes	no	0
2444	S10	ns	no	no	9
2445	S09	nns	yes	no	0
2446	S09	nns	no	no	7
2447	S09	nns	no	no	9
2448	S10	ns	no	no	9
2449	S10	ns	no	no	9
2450	S09	nns	no	no	10
2451	S09	nns	no	no	10
2452	S09	nns	yes	no	0
2453	S10	ns	no	no	10
2454	S10	ns	no	no	9
2455	S10	ns	no	no	10
2456	S09	nns	no	no	10
2457	S10	ns	no	no	10
2458	S09	nns	no	no	10
2459	S10	ns	yes	no	10
2460	S10	ns	yes	no	0
2461	S09	nns	yes	no	10
2462	S09	nns	no	no	10
2463	S09	nns	no	no	9
2464	S10	ns	no	no	0
2465	S09	nns	no	no	10
2466	S09	nns	yes	no	0
2467	S09	nns	no	no	0
2468	S10	ns	no	no	10
2469	S09	nns	no	no	10
2470	S09	nns	no	no	10
2471	S09	nns	no	no	10
2472	S10	ns	no	no	10
2473	S09	nns	yes	no	10
2474	S10	ns	no	no	10
2475	S09	nns	no	no	9
2476	S09	nns	no	no	10
2477	S10	ns	no	no	10
2478	S12	ns	yes	no	10
2479	S12	ns	no	no	10
2480	S11	nns	no	no	10
2481	S11	nns	no	no	10
2482	S11	nns	yes	no	10
2483	S12	ns	no	no	10
2484	S12	ns	no	no	10
2485	S12	ns	yes	no	0
2486	S12	ns	no	no	10
2487	S11	nns	no	no	10
2488	S11	nns	yes	no	0
2489	S11	nns	yes	no	0
2490	S11	nns	no	no	10
2491	S11	nns	no	no	10
2492	S11	nns	no	no	10
2493	S12	ns	no	no	10
2494	S11	nns	no	no	10
2495	S11	nns	no	no	9
2496	S12	ns	no	no	9
2497	S12	ns	no	no	6
2498	S11	nns	no	no	10
2499	S11	nns	no	no	9
2500	S12	ns	no	no	10
2501	S12	ns	yes	no	4
2502	S12	ns	no	no	8
2503	S12	ns	no	no	10
2504	S12	ns	no	no	10
2505	S12	ns	no	no	10
2506	S12	ns	no	no	10
2507	S12	ns	yes	no	0
2508	S12	ns	yes	no	0
2509	S12	ns	yes	no	0
2510	S12	ns	yes	yes	0
2511	S12	ns	no	no	10
2512	S11	nns	yes	no	8
2513	S12	ns	no	no	10
2514	S11	nns	no	no	10
2515	S12	ns	no	no	10
2516	S11	nns	no	no	9
2517	S11	nns	no	no	10
2518	S12	ns	no	no	10
2519	S12	ns	yes	no	10
2520	S12	ns	no	no	10
2521	S12	ns	yes	no	9
2522	S12	ns	no	no	10
2523	S12	ns	no	no	10
2524	S12	ns	no	no	10
2525	S11	nns	no	no	10
2526	S11	nns	no	no	9
2527	S12	ns	no	no	10
2528	S12	ns	no	no	10
2529	S12	ns	no	no	10
2530	S11	nns	no	no	10
2531	S11	nns	no	no	10
2532	S11	nns	yes	no	10
2533	S11	nns	no	no	10
2534	S12	ns	no	no	10
2535	S11	nns	no	no	7
2536	S12	ns	no	no	9
2537	S12	ns	no	no	10
2538	S12	ns	no	no	10
2539	S12	ns	no	no	10
2540	S12	ns	no	no	10
2541	S11	nns	no	no	7
2542	S12	ns	yes	no	10
2543	S12	ns	no	no	10
2544	S11	nns	yes	yes	0
2545	S12	ns	no	no	10
2546	S12	ns	no	no	10
2547	S12	ns	no	no	0
2548	S11	nns	no	no	10
2549	S11	nns	yes	no	10
2550	S12	ns	no	no	10
2551	S12	ns	yes	no	0
2552	S11	nns	no	no	10
2553	S12	ns	no	no	10
2554	S12	ns	yes	no	8
2555	S12	ns	yes	no	8
2556	S12	ns	no	no	0
2557	S11	nns	yes	yes	8
2558	S11	nns	yes	no	10
2559	S11	nns	no	no	10
2560	S12	ns	no	no	10
2561	S12	ns	no	no	9
2562	S12	ns	yes	no	0
2563	S12	ns	no	no	10
2564	S12	ns	no	no	8
2565	S12	ns	no	no	10
2566	S12	ns	no	no	10
2567	S12	ns	yes	no	10
2568	S12	ns	yes	no	10
2569	S11	nns	no	no	10
2570	S12	ns	yes	no	0
2571	S12	ns	no	no	10
2572	S12	ns	no	no	10
2573	S12	ns	yes	no	0
2574	S11	nns	no	no	10
2575	S12	ns	no	no	10
2576	S11	nns	no	no	10
2577	S12	ns	no	no	10
2578	S12	ns	no	no	10
2579	S12	ns	no	no	10
2580	S12	ns	yes	no	10
2581	S11	nns	yes	no	0
2582	S12	ns	yes	no	6
2583	S12	ns	yes	no	0
2584	S11	nns	no	no	10
2585	S12	ns	no	no	10
2586	S12	ns	yes	no	0
2587	S11	nns	no	no	6
2588	S11	nns	no	no	0
2589	S11	nns	yes	no	0
2590	S12	ns	yes	no	0
2591	S12	ns	no	no	10
2592	S11	nns	no	no	10
2593	S12	ns	yes	no	0
2594	S12	ns	no	no	10
2595	S11	nns	no	no	9
2596	S12	ns	no	no	10
2597	S12	ns	yes	no	0
2598	S12	ns	no	no	10
2599	S11	nns	no	no	9
2600	S12	ns	no	no	10
2601	S12	ns	no	no	10
2602	S12	ns	no	no	10
2603	S12	ns	no	no	10
2604	S12	ns	no	no	10
2605	S11	nns	no	no	0
2606	S12	ns	no	no	10
2607	S11	nns	yes	no	9
2608	S12	ns	no	no	10
2609	S12	ns	no	no	10
2610	S11	nns	yes	yes	0
2611	S12	ns	yes	no	0
2612	S11	nns	yes	no	0
2613	S11	nns	no	no	10
2614	S11	nns	no	no	10
2615	S12	ns	yes	yes	0
2616	S11	nns	yes	yes	10
2617	S12	ns	no	no	10
2618	S12	ns	no	no	0
2619	S11	nns	no	no	10
2620	S12	ns	no	no	3
2621	S11	nns	no	no	9
2622	S12	ns	no	no	10
2623	S12	ns	yes	no	0
2624	S11	nns	yes	no	9
2625	S12	ns	no	no	10
2626	S12	ns	no	no	0
2627	S11	nns	no	no	10
2628	S12	ns	no	no	2
2629	S12	ns	no	no	9
2630	S12	ns	yes	no	0
2631	S11	nns	yes	no	10
2632	S12	ns	no	no	9
2633	S12	ns	no	no	10
2634	S12	ns	no	no	0
2635	S12	ns	yes	no	0
2636	S12	ns	yes	no	0
2637	S11	nns	no	no	10
2638	S12	ns	no	yes	0
2639	S12	ns	yes	no	8
2640	S12	ns	no	no	10
2641	S11	nns	yes	no	9
2642	S11	nns	no	no	9
2643	S11	nns	no	no	10
2644	S11	nns	yes	no	0
2645	S12	ns	no	no	10
2646	S12	ns	yes	no	0
2647	S11	nns	no	no	10
2648	S12	ns	no	no	10
2649	S11	nns	no	no	0
2650	S12	ns	yes	no	2
2651	S12	ns	no	no	10
2652	S12	ns	no	no	10
2653	S11	nns	no	no	10
2654	S11	nns	yes	no	0
2655	S11	nns	no	no	8
2656	S12	ns	no	no	10
2657	S12	ns	no	no	10
2658	S12	ns	no	no	10
2659	S12	ns	no	no	10
2660	S12	ns	no	no	10
2661	S12	ns	yes	no	9
2662	S12	ns	no	no	10
2663	S12	ns	no	no	10
2664	S12	ns	no	no	10
2665	S12	ns	yes	no	0
2666	S11	nns	no	no	10
2667	S11	nns	no	no	10
2668	S12	ns	no	no	10
2669	S11	nns	no	no	10
2670	S12	ns	no	no	9
2671	S12	ns	no	no	10
2672	S11	nns	no	no	10
2673	S12	ns	no	no	10
2674	S12	ns	no	no	9
2675	S11	nns	yes	no	0
2676	S12	ns	no	no	10
2677	S11	nns	no	no	10
2678	S12	ns	no	no	10
2679	S12	ns	no	no	10
2680	S12	ns	no	no	10
2681	S11	nns	no	no	8
2682	S12	ns	yes	no	0
2683	S12	ns	no	no	10
2684	S12	ns	no	no	10
2685	S11	nns	yes	no	0
2686	S12	ns	no	no	10
2687	S12	ns	no	no	5
2688	S12	ns	no	no	9
2689	S12	ns	no	no	10
2690	S12	ns	no	no	0
2691	S11	nns	yes	no	1
2692	S12	ns	no	no	10
2693	S12	ns	no	no	10
2694	S11	nns	no	no	10
2695	S12	ns	no	no	10
2696	S11	nns	no	no	10
2697	S12	ns	no	no	10
2698	S11	nns	no	no	10
2699	S11	nns	yes	no	0
2700	S12	ns	no	no	10
2701	S12	ns	yes	yes	0
2702	S12	ns	no	no	10
2703	S12	ns	no	no	10
2704	S12	ns	no	no	8
2705	S11	nns	no	no	10
2706	S12	ns	yes	no	10
2707	S12	ns	no	no	10
2708	S11	nns	no	no	10
2709	S12	ns	no	no	10
2710	S11	nns	yes	no	9
2711	S11	nns	no	no	10
2712	S12	ns	no	no	10
2713	S11	nns	no	no	9
2714	S12	ns	no	no	0
2715	S12	ns	no	no	10
2716	S12	ns	no	no	10
2717	S11	nns	yes	no	6
2718	S12	ns	yes	no	0
2719	S11	nns	no	no	7
2720	S11	nns	yes	no	9
2721	S11	nns	no	no	10
2722	S12	ns	no	no	10
2723	S12	ns	yes	no	0
2724	S12	ns	no	no	0
2725	S12	ns	no	no	10
2726	S11	nns	no	no	10
2727	S11	nns	no	no	10
2728	S11	nns	no	no	10
2729	S12	ns	yes	no	0
2730	S12	ns	no	no	9
2731	S12	ns	no	no	10
2732	S11	nns	no	no	10
2733	S12	ns	no	no	9
2734	S12	ns	no	no	10
2735	S12	ns	no	no	9
2736	S12	ns	yes	no	10
2737	S12	ns	no	no	10
2738	S12	ns	yes	no	0
2739	S12	ns	no	no	10
2740	S12	ns	no	no	9
2741	S11	nns	yes	yes	9
2742	S11	nns	no	no	10
2743	S12	ns	no	no	10
2744	S11	nns	no	no	9
2745	S12	ns	no	no	10
2746	S12	ns	no	no	7
2747	S11	nns	yes	no	10
2748	S11	nns	no	no	10
2749	S12	ns	yes	no	10
2750	S11	nns	yes	no	0
2751	S11	nns	no	yes	0
2752	S11	nns	no	no	8
2753	S11	nns	yes	no	0
2754	S12	ns	no	no	10
2755	S12	ns	no	no	10
2756	S12	ns	no	no	10
2757	S12	ns	no	no	10
2758	S12	ns	no	no	10
2759	S11	nns	no	no	10
2760	S12	ns	no	no	10
2761	S12	ns	yes	no	10
2762	S12	ns	no	no	0
2763	S11	nns	no	yes	4
2764	S11	nns	no	no	10
2765	S12	ns	yes	no	0
2766	S12	ns	no	no	9
2767	S12	ns	no	no	8
2768	S12	ns	no	no	10
2769	S11	nns	no	no	10
2770	S11	nns	no	no	9
2771	S12	ns	no	no	10
2772	S12	ns	yes	no	0
2773	S11	nns	yes	no	10
2774	S12	ns	yes	no	0
2775	S11	nns	no	no	10
2776	S12	ns	no	no	10
2777	S11	nns	yes	no	10
2778	S11	nns	no	no	10
2779	S12	ns	no	no	9
2780	S12	ns	no	no	10
2781	S12	ns	yes	no	0
2782	S12	ns	no	no	10
2783	S12	ns	no	no	10
2784	S11	nns	no	no	10
2785	S12	ns	no	no	10
2786	S12	ns	no	no	10
2787	S11	nns	yes	no	0
2788	S12	ns	no	no	10
2789	S11	nns	no	no	10
2790	S11	nns	yes	no	10
2791	S12	ns	no	no	10
2792	S12	ns	yes	no	0
2793	S12	ns	no	no	10
2794	S12	ns	no	no	10
2795	S11	nns	yes	no	0
2796	S11	nns	no	no	0
2797	S12	ns	no	no	10
2798	S12	ns	yes	no	0
2799	S12	ns	no	no	10
2800	S12	ns	no	no	10
2801	S12	ns	yes	no	0
2802	S12	ns	no	no	10
2803	S12	ns	no	no	10
2804	S12	ns	yes	no	0
2805	S12	ns	no	no	10
2806	S12	ns	no	no	8
2807	S12	ns	no	no	10
2808	S12	ns	no	no	10
2809	S12	ns	no	no	10
2810	S12	ns	no	no	10
2811	S12	ns	no	no	10
2812	S12	ns	no	no	0
2813	S12	ns	no	no	8
2814	S11	nns	yes	no	0
2815	S12	ns	no	no	10
2816	S11	nns	no	no	9
2817	S12	ns	no	no	9
2818	S12	ns	yes	no	0
2819	S12	ns	no	no	10
2820	S11	nns	no	no	9
2821	S12	ns	no	no	10
2822	S12	ns	no	no	10
2823	S12	ns	yes	no	8
2824	S11	nns	yes	yes	2
2825	S12	ns	no	no	10
2826	S12	ns	yes	yes	10
2827	S12	ns	yes	no	0
2828	S12	ns	no	no	10
2829	S12	ns	no	no	9
2830	S12	ns	no	no	10
2831	S11	nns	yes	no	6
2832	S12	ns	no	no	10
2833	S11	nns	no	no	10
2834	S12	ns	no	no	9
2835	S12	ns	no	no	7
2836	S11	nns	yes	no	10
2837	S12	ns	no	no	10
2838	S12	ns	no	no	10
2839	S12	ns	no	no	10
2840	S12	ns	no	no	10
2841	S12	ns	no	no	10
2842	S11	nns	yes	no	0
2843	S11	nns	no	no	10
2844	S12	ns	no	no	10
2845	S11	nns	no	no	10
2846	S11	nns	no	no	10
2847	S12	ns	no	no	10
2848	S11	nns	yes	no	7
2849	S12	ns	no	no	10
2850	S11	nns	no	no	10
2851	S12	ns	no	no	10
2852	S12	ns	no	no	10
2853	S12	ns	no	no	10
2854	S12	ns	no	no	10
2855	S12	ns	yes	no	0
2856	S12	ns	no	no	10
2857	S11	nns	no	no	10
2858	S11	nns	no	no	10
2859	S11	nns	no	no	10
2860	S11	nns	no	no	10
2861	S12	ns	yes	no	0
2862	S11	nns	no	no	8
2863	S12	ns	no	no	10
2864	S12	ns	no	no	9
2865	S11	nns	yes	no	0
2866	S11	nns	yes	no	0
2867	S12	ns	no	no	8
2868	S12	ns	no	no	9
2869	S12	ns	yes	yes	0
2870	S12	ns	no	no	10
2871	S11	nns	no	no	0
2872	S11	nns	no	no	10
2873	S12	ns	no	no	10
2874	S12	ns	no	no	10
2875	S11	nns	no	no	9
2876	S11	nns	no	no	10
2877	S12	ns	no	no	10
2878	S12	ns	no	no	10
2879	S12	ns	no	no	10
2880	S11	nns	yes	yes	10
2881	S12	ns	no	no	10
2882	S12	ns	yes	no	0
2883	S11	nns	no	no	10
2884	S12	ns	no	no	10
2885	S12	ns	no	no	10
2886	S12	ns	yes	no	0
2887	S11	nns	no	no	8
2888	S12	ns	no	no	10
2889	S12	ns	no	no	10
2890	S12	ns	no	no	10
2891	S12	ns	no	no	0
2892	S12	ns	no	no	10
2893	S12	ns	no	no	10
2894	S11	nns	no	no	10
2895	S12	ns	yes	no	0
2896	S12	ns	no	no	10
2897	S12	ns	no	no	10
2898	S11	nns	no	no	10
2899	S12	ns	no	no	10
2900	S12	ns	no	no	10
2901	S11	nns	no	no	10
2902	S11	nns	no	no	9
2903	S12	ns	no	no	10
2904	S12	ns	no	no	10
2905	S12	ns	yes	yes	0
2906	S12	ns	yes	no	0
2907	S11	nns	no	no	10
2908	S12	ns	no	no	0
2909	S11	nns	yes	no	0
2910	S11	nns	no	no	10
2911	S11	nns	no	no	10
2912	S12	ns	yes	no	10
2913	S12	ns	no	no	10
2914	S12	ns	yes	no	0
2915	S12	ns	no	no	10
2916	S12	ns	no	no	10
2917	S11	nns	no	no	10
2918	S12	ns	no	no	10
2919	S12	ns	no	yes	0
2920	S12	ns	no	no	10
2921	S12	ns	no	no	10
2922	S12	ns	no	no	10
2923	S12	ns	yes	no	0
2924	S12	ns	no	no	10
2925	S12	ns	no	no	10
2926	S11	nns	no	no	8
2927	S11	nns	yes	no	10
2928	S11	nns	no	no	10
2929	S12	ns	no	no	10
2930	S11	nns	yes	no	10
2931	S12	ns	no	no	5
2932	S12	ns	no	no	10
2933	S12	ns	no	no	9
2934	S12	ns	yes	no	10
2935	S11	nns	no	no	9
2936	S12	ns	yes	no	0
2937	S12	ns	no	no	10
2938	S12	ns	yes	no	0
2939	S12	ns	yes	no	0
2940	S11	nns	no	no	9
2941	S12	ns	no	no	10
2942	S11	nns	no	no	8
2943	S12	ns	no	no	10
2944	S12	ns	yes	yes	10
2945	S11	nns	no	no	10
2946	S11	nns	no	no	9
2947	S12	ns	no	no	10
2948	S11	nns	yes	no	10
2949	S11	nns	no	no	10
2950	S12	ns	no	no	10
2951	S11	nns	no	no	10
2952	S12	ns	no	no	9
2953	S12	ns	no	no	10
2954	S12	ns	no	no	10
2955	S11	nns	no	no	10
2956	S12	ns	no	no	10
2957	S12	ns	yes	no	6
2958	S11	nns	no	no	8
2959	S11	nns	no	no	10
2960	S11	nns	no	no	10
2961	S12	ns	no	no	10
2962	S11	nns	yes	no	10
2963	S12	ns	no	no	10
2964	S12	ns	no	no	10
2965	S12	ns	no	no	10
2966	S11	nns	yes	no	10
2967	S12	ns	no	no	10
2968	S11	nns	yes	no	0
2969	S12	ns	yes	no	10
2970	S11	nns	no	no	10
2971	S12	ns	no	no	0
2972	S11	nns	no	no	10
2973	S12	ns	no	no	10
2974	S12	ns	no	no	10
2975	S12	ns	no	no	10
2976	S12	ns	no	no	10
2977	S12	ns	no	no	10
2978	S12	ns	no	no	10
2979	S11	nns	yes	no	10
2980	S12	ns	no	no	10
2981	S11	nns	no	no	8
2982	S11	nns	no	no	10
2983	S12	ns	yes	no	0
2984	S12	ns	no	no	10
2985	S12	ns	no	no	7
2986	S11	nns	yes	no	10
2987	S12	ns	no	no	10
2988	S12	ns	no	no	0
2989	S12	ns	no	no	5
2990	S11	nns	no	no	10
2991	S11	nns	no	no	0
2992	S12	ns	no	no	10
2993	S12	ns	yes	no	7
2994	S12	ns	no	no	10
2995	S11	nns	yes	no	0
2996	S12	ns	no	no	10
2997	S12	ns	no	no	10
2998	S12	ns	no	no	10
2999	S12	ns	yes	no	0
3000	S12	ns	no	no	10
3001	S11	nns	no	no	10
3002	S12	ns	no	no	10
3003	S11	nns	no	no	10
3004	S12	ns	no	no	10
3005	S11	nns	yes	no	10
3006	S12	ns	no	no	8
3007	S12	ns	no	no	10
3008	S12	ns	no	no	9
3009	S11	nns	no	no	10
3010	S12	ns	no	no	10
3011	S11	nns	no	no	10
3012	S12	ns	yes	yes	3
3013	S12	ns	no	no	10
3014	S12	ns	no	no	10
3015	S12	ns	yes	no	0
3016	S12	ns	no	no	10
3017	S11	nns	no	no	10
3018	S11	nns	no	no	10
3019	S11	nns	yes	no	0
3020	S11	nns	no	no	10
3021	S12	ns	no	no	10
3022	S11	nns	yes	no	0
3023	S12	ns	no	no	10
3024	S12	ns	yes	no	0
3025	S12	ns	no	no	10
3026	S14	ns	no	no	10
3027	S14	ns	no	no	10
3028	S14	ns	no	no	9
3029	S14	ns	no	no	10
3030	S14	ns	no	no	10
3031	S14	ns	yes	yes	10
3032	S13	nns	no	no	0
3033	S13	nns	yes	no	0
3034	S14	ns	no	no	10
3035	S14	ns	no	no	10
3036	S14	ns	no	no	10
3037	S14	ns	no	no	10
3038	S14	ns	yes	no	0
3039	S14	ns	no	no	10
3040	S14	ns	yes	no	0
3041	S14	ns	no	no	8
3042	S13	nns	no	no	10
3043	S14	ns	no	no	10
3044	S14	ns	no	no	10
3045	S14	ns	yes	no	0
3046	S14	ns	yes	no	0
3047	S14	ns	no	no	10
3048	S14	ns	yes	no	10
3049	S14	ns	yes	no	0
3050	S14	ns	yes	no	0
3051	S14	ns	no	no	9
3052	S14	ns	yes	no	0
3053	S13	nns	no	no	8
3054	S14	ns	no	no	10
3055	S13	nns	no	no	10
3056	S14	ns	no	no	10
3057	S14	ns	no	no	10
3058	S14	ns	no	no	0
3059	S14	ns	no	no	10
3060	S14	ns	no	no	10
3061	S14	ns	no	no	10
3062	S13	nns	no	no	10
3063	S14	ns	no	no	10
3064	S14	ns	no	no	10
3065	S14	ns	no	no	0
3066	S14	ns	no	no	6
3067	S14	ns	yes	no	0
3068	S14	ns	no	no	10
3069	S14	ns	no	no	9
3070	S14	ns	no	no	10
3071	S13	nns	yes	no	0
3072	S14	ns	no	no	9
3073	S14	ns	yes	no	9
3074	S14	ns	yes	no	0
3075	S14	ns	yes	yes	0
3076	S14	ns	no	no	9
3077	S14	ns	no	no	10
3078	S13	nns	yes	no	0
3079	S13	nns	no	yes	0
3080	S14	ns	yes	no	0
3081	S14	ns	yes	no	0
3082	S14	ns	no	no	10
3083	S14	ns	yes	yes	10
3084	S14	ns	no	no	10
3085	S14	ns	yes	no	10
3086	S14	ns	no	no	9
3087	S14	ns	yes	no	0
3088	S14	ns	no	no	10
3089	S14	ns	no	no	10
3090	S13	nns	yes	no	9
3091	S13	nns	yes	no	0
3092	S14	ns	yes	no	0
3093	S14	ns	no	no	10
3094	S14	ns	no	no	10
3095	S13	nns	no	no	10
3096	S14	ns	no	no	10
3097	S14	ns	yes	no	0
3098	S14	ns	no	no	10
3099	S14	ns	no	no	10
3100	S14	ns	no	no	10
3101	S14	ns	yes	no	0
3102	S14	ns	no	no	10
3103	S14	ns	yes	no	0
3104	S14	ns	yes	no	0
3105	S14	ns	no	no	0
3106	S14	ns	no	no	10
3107	S14	ns	no	no	7
3108	S13	nns	no	no	10
3109	S13	nns	no	no	10
3110	S14	ns	yes	no	0
3111	S14	ns	no	no	10
3112	S14	ns	yes	no	6
3113	S14	ns	yes	no	0
3114	S14	ns	no	no	10
3115	S14	ns	no	no	7
3116	S14	ns	no	no	9
3117	S14	ns	no	no	10
3118	S13	nns	yes	no	0
3119	S14	ns	yes	no	10
3120	S13	nns	no	no	10
3121	S14	ns	no	no	10
3122	S14	ns	yes	yes	10
3123	S14	ns	yes	no	0
3124	S14	ns	no	no	9
3125	S14	ns	yes	no	10
3126	S14	ns	no	no	10
3127	S14	ns	no	no	10
3128	S14	ns	no	no	10
3129	S14	ns	no	no	10
3130	S13	nns	yes	no	0
3131	S14	ns	no	no	10
3132	S14	ns	no	no	10
3133	S14	ns	yes	no	10
3134	S14	ns	no	no	10
3135	S14	ns	no	no	10
3136	S14	ns	yes	no	10
3137	S14	ns	no	no	10
3138	S14	ns	yes	no	6
3139	S14	ns	no	no	10
3140	S14	ns	no	no	10
3141	S13	nns	no	no	10
3142	S14	ns	no	no	10
3143	S13	nns	yes	no	9
3144	S14	ns	no	no	9
3145	S14	ns	no	no	10
3146	S14	ns	yes	no	10
3147	S14	ns	no	no	10
3148	S14	ns	no	no	10
3149	S14	ns	yes	yes	9
3150	S14	ns	no	no	9
3151	S14	ns	no	no	9
3152	S14	ns	no	no	6
3153	S13	nns	no	no	10
3154	S13	nns	no	no	10
3155	S14	ns	no	no	9
3156	S14	ns	yes	no	0
3157	S14	ns	no	no	10
3158	S14	ns	no	no	0
3159	S14	ns	no	no	6
3160	S13	nns	yes	no	8
3161	S14	ns	yes	no	0
3162	S14	ns	yes	no	10
3163	S13	nns	no	no	10
3164	S14	ns	no	no	10
3165	S14	ns	no	no	10
3166	S14	ns	no	no	10
3167	S13	nns	no	no	10
3168	S14	ns	no	no	10
3169	S14	ns	no	no	10
3170	S14	ns	no	no	10
3171	S14	ns	no	no	9
3172	S14	ns	no	no	0
3173	S13	nns	no	no	10
3174	S14	ns	no	no	10
3175	S14	ns	no	no	10
3176	S14	ns	yes	yes	0
3177	S14	ns	no	no	10
3178	S14	ns	no	no	10
3179	S14	ns	no	no	10
3180	S14	ns	no	no	10
3181	S14	ns	no	no	10
3182	S14	ns	no	no	10
3183	S14	ns	no	no	8
3184	S14	ns	no	no	10
3185	S13	nns	no	no	10
3186	S14	ns	no	no	10
3187	S13	nns	no	no	10
3188	S14	ns	yes	no	10
3189	S14	ns	no	no	10
3190	S14	ns	no	no	10
3191	S14	ns	no	no	10
3192	S14	ns	no	no	10
3193	S14	ns	no	no	10
3194	S14	ns	no	yes	10
3195	S14	ns	yes	no	0
3196	S14	ns	yes	yes	10
3197	S14	ns	no	no	10
3198	S13	nns	no	no	10
3199	S14	ns	no	no	10
3200	S14	ns	yes	no	0
3201	S14	ns	no	no	10
3202	S14	ns	yes	no	0
3203	S14	ns	no	no	5
3204	S14	ns	yes	no	0
3205	S14	ns	no	no	10
3206	S13	nns	yes	no	0
3207	S14	ns	yes	no	0
3208	S14	ns	no	no	0
3209	S14	ns	no	no	10
3210	S14	ns	no	no	10
3211	S14	ns	no	no	10
3212	S14	ns	no	no	10
3213	S14	ns	yes	no	0
3214	S14	ns	no	no	9
3215	S14	ns	no	no	10
3216	S14	ns	no	no	10
3217	S14	ns	no	no	7
3218	S14	ns	yes	no	0
3219	S14	ns	yes	no	0
3220	S14	ns	no	no	10
3221	S14	ns	no	no	10
3222	S13	nns	no	no	8
3223	S14	ns	no	no	9
3224	S14	ns	no	no	10
3225	S14	ns	no	no	10
3226	S14	ns	no	no	10
3227	S14	ns	yes	no	0
3228	S14	ns	yes	no	5
3229	S14	ns	no	no	10
3230	S14	ns	no	no	10
3231	S13	nns	no	no	6
3232	S14	ns	yes	no	0
3233	S14	ns	no	no	10
3234	S14	ns	yes	no	0
3235	S14	ns	no	no	9
3236	S14	ns	yes	no	0
3237	S14	ns	yes	no	10
3238	S13	nns	no	no	9
3239	S14	ns	no	no	10
3240	S14	ns	no	no	10
3241	S14	ns	no	no	10
3242	S14	ns	no	no	10
3243	S14	ns	no	no	10
3244	S14	ns	yes	no	9
3245	S14	ns	no	no	0
3246	S14	ns	yes	no	0
3247	S14	ns	yes	no	0
3248	S14	ns	yes	no	0
3249	S14	ns	no	no	10
3250	S14	ns	no	no	0
3251	S14	ns	no	no	10
3252	S14	ns	yes	no	9
3253	S14	ns	no	no	10
3254	S14	ns	no	no	0
3255	S14	ns	no	no	10
3256	S14	ns	yes	no	10
3257	S14	ns	no	no	10
3258	S13	nns	yes	yes	0
3259	S14	ns	yes	no	0
3260	S13	nns	no	no	0
3261	S14	ns	yes	no	10
3262	S14	ns	no	no	10
3263	S14	ns	no	no	8
3264	S14	ns	no	no	10
3265	S13	nns	yes	no	10
3266	S14	ns	no	no	10
3267	S14	ns	no	no	10
3268	S14	ns	yes	no	4
3269	S13	nns	no	no	10
3270	S14	ns	yes	no	10
3271	S14	ns	no	no	10
3272	S14	ns	no	no	8
3273	S14	ns	no	no	10
3274	S14	ns	yes	no	10
3275	S13	nns	no	no	10
3276	S14	ns	no	no	9
3277	S14	ns	no	no	10
3278	S13	nns	no	no	10
3279	S14	ns	yes	no	9
3280	S14	ns	no	no	10
3281	S13	nns	yes	no	3
3282	S13	nns	yes	yes	10
3283	S14	ns	no	no	0
3284	S14	ns	no	no	10
3285	S14	ns	no	no	10
3286	S13	nns	yes	no	0
3287	S14	ns	no	no	10
3288	S14	ns	no	no	10
3289	S14	ns	no	no	0
3290	S14	ns	no	no	10
3291	S14	ns	yes	no	0
3292	S14	ns	no	no	0
3293	S14	ns	yes	no	0
3294	S13	nns	no	no	10
3295	S14	ns	no	no	10
3296	S13	nns	no	no	10
3297	S14	ns	no	no	2
3298	S14	ns	no	no	10
3299	S14	ns	no	no	10
3300	S14	ns	yes	no	8
3301	S14	ns	yes	no	0
3302	S14	ns	no	no	9
3303	S14	ns	yes	no	9
3304	S14	ns	no	no	10
3305	S14	ns	no	no	10
3306	S14	ns	no	no	10
3307	S14	ns	no	no	10
3308	S14	ns	no	no	10
3309	S14	ns	yes	no	0
3310	S14	ns	no	no	10
3311	S14	ns	no	no	10
3312	S14	ns	no	no	10
3313	S14	ns	no	yes	0
3314	S14	ns	no	no	10
3315	S13	nns	no	no	10
3316	S14	ns	no	no	5
3317	S14	ns	no	no	10
3318	S14	ns	yes	no	0
3319	S14	ns	yes	no	10
3320	S14	ns	yes	no	0
3321	S14	ns	no	no	10
3322	S14	ns	no	no	9
3323	S13	nns	yes	no	0
3324	S14	ns	no	no	10
3325	S14	ns	no	no	10
3326	S14	ns	no	no	10
3327	S14	ns	yes	yes	10
3328	S14	ns	yes	no	0
3329	S14	ns	no	no	10
3330	S14	ns	no	no	10
3331	S14	ns	no	no	10
3332	S14	ns	yes	no	0
3333	S14	ns	no	no	10
3334	S14	ns	no	no	10
3335	S13	nns	yes	no	10
3336	S14	ns	no	no	10
3337	S14	ns	no	no	10
3338	S13	nns	yes	no	0
3339	S14	ns	no	no	10
3340	S13	nns	no	no	6
3341	S13	nns	no	no	8
3342	S13	nns	no	no	8
3343	S14	ns	no	no	0
3344	S14	ns	no	no	10
3345	S14	ns	no	no	10
3346	S14	ns	yes	no	0
3347	S14	ns	no	no	10
3348	S14	ns	yes	no	0
3349	S14	ns	no	no	8
3350	S13	nns	no	no	0
3351	S14	ns	no	no	10
3352	S14	ns	yes	no	0
3353	S13	nns	no	no	10
3354	S14	ns	yes	no	0
3355	S14	ns	no	no	9
3356	S13	nns	yes	no	0
3357	S14	ns	no	no	10
3358	S14	ns	yes	no	0
3359	S13	nns	yes	no	9
3360	S14	ns	yes	no	0
3361	S14	ns	no	no	0
3362	S14	ns	no	no	10
3363	S13	nns	no	no	10
3364	S14	ns	no	no	10
3365	S13	nns	no	no	10
3366	S14	ns	no	no	10
3367	S14	ns	no	no	10
3368	S14	ns	no	no	10
3369	S14	ns	no	no	10
3370	S14	ns	no	no	10
3371	S14	ns	yes	no	0
3372	S14	ns	no	no	9
3373	S13	nns	yes	no	0
3374	S14	ns	yes	no	9
3375	S14	ns	no	no	10
3376	S14	ns	no	no	10
3377	S14	ns	yes	no	0
3378	S14	ns	yes	no	0
3379	S14	ns	no	no	0
3380	S14	ns	no	no	9
3381	S13	nns	yes	no	0
3382	S13	nns	yes	no	10
3383	S14	ns	yes	no	0
3384	S14	ns	yes	no	0
3385	S13	nns	yes	no	0
3386	S13	nns	yes	no	0
3387	S14	ns	no	no	10
3388	S14	ns	no	no	10
3389	S14	ns	no	no	10
3390	S14	ns	no	no	10
3391	S14	ns	no	no	10
3392	S13	nns	no	no	8
3393	S14	ns	no	no	10
3394	S14	ns	no	no	10
3395	S14	ns	no	no	10
3396	S13	nns	no	no	10
3397	S13	nns	yes	no	5
3398	S14	ns	no	no	5
3399	S14	ns	no	no	10
3400	S13	nns	no	no	10
3401	S14	ns	yes	no	0
3402	S13	nns	yes	no	0
3403	S14	ns	no	no	10
3404	S13	nns	no	no	10
3405	S13	nns	no	no	10
3406	S14	ns	yes	no	0
3407	S14	ns	no	no	0
3408	S14	ns	no	no	10
3409	S14	ns	yes	no	6
3410	S14	ns	no	no	10
3411	S14	ns	no	no	10
3412	S13	nns	no	no	10
3413	S13	nns	no	no	10
3414	S13	nns	no	no	10
3415	S14	ns	no	no	10
3416	S13	nns	no	no	10
3417	S14	ns	no	no	10
3418	S14	ns	no	no	10
3419	S14	ns	yes	no	9
3420	S14	ns	no	no	10
3421	S14	ns	no	no	10
3422	S14	ns	no	no	10
3423	S14	ns	yes	no	0
3424	S14	ns	yes	yes	10
3425	S14	ns	no	no	10
3426	S14	ns	no	no	9
3427	S14	ns	no	no	10
3428	S14	ns	no	no	10
3429	S14	ns	no	no	10
3430	S14	ns	no	no	0
3431	S14	ns	no	no	10
3432	S14	ns	yes	no	0
3433	S14	ns	no	no	10
3434	S14	ns	no	no	10
3435	S14	ns	yes	no	0
3436	S14	ns	no	no	9
3437	S13	nns	yes	no	0
3438	S14	ns	no	no	10
3439	S14	ns	no	no	10
3440	S13	nns	no	no	10
3441	S14	ns	yes	yes	0
3442	S14	ns	no	no	10
3443	S14	ns	no	no	10
3444	S14	ns	no	no	4
3445	S14	ns	no	no	10
3446	S14	ns	no	no	8
3447	S14	ns	no	no	10
3448	S14	ns	yes	no	0
3449	S14	ns	no	no	10
3450	S14	ns	yes	no	0
3451	S14	ns	yes	no	0
3452	S14	ns	yes	no	6
3453	S14	ns	no	no	10
3454	S14	ns	no	no	10
3455	S14	ns	no	no	10
3456	S14	ns	yes	no	10
3457	S14	ns	no	no	10
3458	S14	ns	no	no	10
3459	S13	nns	yes	no	0
3460	S13	nns	yes	no	0
3461	S14	ns	no	no	10
3462	S14	ns	yes	no	10
3463	S14	ns	no	no	9
3464	S14	ns	no	no	10
3465	S14	ns	no	no	0
3466	S14	ns	no	no	10
3467	S14	ns	no	no	10
3468	S14	ns	no	no	10
3469	S14	ns	no	no	10
3470	S14	ns	no	no	10
3471	S14	ns	yes	no	0
3472	S14	ns	no	no	10
3473	S13	nns	yes	no	0
3474	S14	ns	yes	no	7
3475	S16	ns	yes	no	0
3476	S15	nns	yes	yes	0
3477	S15	nns	no	no	10
3478	S16	ns	no	no	10
3479	S15	nns	no	no	10
3480	S15	nns	no	no	10
3481	S15	nns	no	no	10
3482	S15	nns	no	no	10
3483	S15	nns	no	no	10
3484	S16	ns	no	no	10
3485	S16	ns	no	no	10
3486	S15	nns	no	no	8
3487	S15	nns	yes	no	0
3488	S15	nns	no	no	10
3489	S16	ns	no	no	9
3490	S15	nns	yes	yes	9
3491	S15	nns	no	no	10
3492	S16	ns	no	no	10
3493	S15	nns	no	no	10
3494	S15	nns	no	no	0
3495	S15	nns	yes	no	0
3496	S15	nns	yes	no	0
3497	S15	nns	no	no	10
3498	S16	ns	no	no	10
3499	S16	ns	no	no	10
3500	S16	ns	no	no	10
3501	S15	nns	yes	no	0
3502	S15	nns	no	no	10
3503	S16	ns	no	no	0
3504	S15	nns	no	no	10
3505	S15	nns	no	no	9
3506	S16	ns	no	no	10
3507	S15	nns	no	no	10
3508	S16	ns	no	no	10
3509	S16	ns	yes	no	10
3510	S15	nns	yes	no	10
3511	S15	nns	no	no	10
3512	S16	ns	yes	no	0
3513	S16	ns	no	no	9
3514	S15	nns	no	no	10
3515	S15	nns	no	no	10
3516	S16	ns	no	no	10
3517	S15	nns	no	no	10
3518	S15	nns	no	no	9
3519	S15	nns	yes	yes	10
3520	S15	nns	no	no	10
3521	S16	ns	yes	no	10
3522	S15	nns	no	no	10
3523	S15	nns	no	no	10
3524	S16	ns	no	no	10
3525	S16	ns	yes	no	10
3526	S16	ns	no	no	8
3527	S15	nns	yes	yes	0
3528	S16	ns	no	no	10
3529	S15	nns	no	yes	0
3530	S16	ns	no	no	9
3531	S16	ns	yes	no	3
3532	S16	ns	yes	no	10
3533	S16	ns	no	no	10
3534	S15	nns	no	no	10
3535	S15	nns	no	no	10
3536	S16	ns	no	no	10
3537	S15	nns	no	no	10
3538	S15	nns	yes	no	0
3539	S15	nns	no	no	10
3540	S15	nns	yes	yes	0
3541	S15	nns	no	no	10
3542	S15	nns	no	no	0
3543	S16	ns	no	no	10
3544	S15	nns	no	no	0
3545	S15	nns	no	no	0
3546	S15	nns	no	no	10
3547	S16	ns	no	no	10
3548	S16	ns	no	no	10
3549	S15	nns	yes	no	0
3550	S15	nns	no	no	10
3551	S15	nns	no	no	10
3552	S16	ns	yes	yes	0
3553	S15	nns	no	no	10
3554	S15	nns	yes	no	10
3555	S15	nns	yes	no	10
3556	S16	ns	no	no	10
3557	S15	nns	no	no	10
3558	S15	nns	no	no	10
3559	S15	nns	no	no	10
3560	S15	nns	yes	no	0
3561	S16	ns	yes	no	0
3562	S15	nns	no	no	10
3563	S15	nns	no	no	10
3564	S15	nns	no	no	10
3565	S16	ns	no	no	10
3566	S16	ns	no	no	10
3567	S16	ns	no	no	10
3568	S15	nns	no	no	8
3569	S16	ns	no	no	10
3570	S15	nns	yes	yes	10
3571	S15	nns	no	no	10
3572	S16	ns	no	no	10
3573	S16	ns	no	no	10
3574	S15	nns	no	no	10
3575	S16	ns	no	no	10
3576	S16	ns	no	no	10
3577	S15	nns	no	no	10
3578	S16	ns	no	no	10
3579	S15	nns	yes	no	9
3580	S15	nns	yes	no	10
3581	S15	nns	yes	no	10
3582	S15	nns	no	no	9
3583	S15	nns	yes	no	0
3584	S15	nns	no	no	10
3585	S15	nns	no	no	10
3586	S15	nns	yes	yes	0
3587	S15	nns	no	no	10
3588	S16	ns	no	yes	10
3589	S16	ns	yes	no	0
3590	S16	ns	yes	no	0
3591	S15	nns	no	no	10
3592	S16	ns	no	no	10
3593	S16	ns	no	no	10
3594	S15	nns	no	no	10
3595	S15	nns	no	no	10
3596	S15	nns	no	no	10
3597	S15	nns	no	no	10
3598	S15	nns	no	no	10
3599	S16	ns	no	no	10
3600	S16	ns	no	no	10
3601	S15	nns	no	no	7
3602	S16	ns	no	no	10
3603	S15	nns	no	no	10
3604	S15	nns	no	no	10
3605	S15	nns	no	no	10
3606	S16	ns	no	no	8
3607	S15	nns	no	no	10
3608	S15	nns	no	no	10
3609	S16	ns	no	no	10
3610	S15	nns	yes	yes	10
3611	S15	nns	no	no	10
3612	S15	nns	no	no	10
3613	S15	nns	no	no	10
3614	S15	nns	no	no	10
3615	S16	ns	no	no	10
3616	S15	nns	no	no	10
3617	S16	ns	no	no	10
3618	S15	nns	no	no	9
3619	S16	ns	no	no	10
3620	S16	ns	no	no	10
3621	S15	nns	yes	yes	0
3622	S16	ns	no	no	10
3623	S15	nns	no	no	3
3624	S15	nns	no	no	10
3625	S15	nns	no	no	10
3626	S15	nns	no	no	10
3627	S15	nns	no	no	10
3628	S16	ns	yes	yes	10
3629	S15	nns	yes	no	10
3630	S15	nns	yes	no	0
3631	S16	ns	no	no	0
3632	S15	nns	no	no	10
3633	S16	ns	no	no	10
3634	S16	ns	no	no	10
3635	S15	nns	yes	no	0
3636	S15	nns	no	no	10
3637	S16	ns	yes	no	0
3638	S15	nns	yes	yes	0
3639	S15	nns	no	no	10
3640	S16	ns	no	no	10
3641	S16	ns	no	no	10
3642	S15	nns	no	no	10
3643	S15	nns	yes	no	0
3644	S16	ns	no	no	10
3645	S16	ns	no	no	10
3646	S15	nns	no	no	10
3647	S15	nns	no	no	10
3648	S15	nns	yes	no	0
3649	S16	ns	yes	no	0
3650	S15	nns	no	no	0
3651	S15	nns	no	no	10
3652	S15	nns	no	no	10
3653	S15	nns	no	no	10
3654	S16	ns	no	no	10
3655	S16	ns	no	no	10
3656	S15	nns	no	no	10
3657	S15	nns	yes	no	10
3658	S15	nns	yes	no	0
3659	S15	nns	no	no	10
3660	S16	ns	no	no	10
3661	S15	nns	no	no	10
3662	S15	nns	yes	yes	0
3663	S15	nns	no	no	10
3664	S16	ns	no	no	10
3665	S15	nns	no	no	10
3666	S16	ns	no	no	10
3667	S16	ns	no	no	10
3668	S15	nns	yes	no	10
3669	S15	nns	yes	no	0
3670	S16	ns	yes	no	0
3671	S15	nns	no	no	10
3672	S15	nns	yes	no	10
3673	S15	nns	yes	no	0
3674	S16	ns	no	no	10
3675	S16	ns	no	no	10
3676	S16	ns	no	no	6
3677	S16	ns	no	no	10
3678	S15	nns	no	no	10
3679	S15	nns	yes	no	0
3680	S16	ns	no	no	10
3681	S15	nns	no	no	10
3682	S15	nns	no	no	10
3683	S16	ns	yes	no	0
3684	S15	nns	no	no	9
3685	S15	nns	no	no	10
3686	S15	nns	yes	no	9
3687	S16	ns	yes	no	10
3688	S15	nns	no	no	9
3689	S15	nns	yes	no	0
3690	S15	nns	no	no	10
3691	S15	nns	no	no	10
3692	S15	nns	no	no	10
3693	S16	ns	yes	no	10
3694	S15	nns	yes	no	0
3695	S15	nns	yes	yes	9
3696	S15	nns	no	no	10
3697	S16	ns	no	no	10
3698	S16	ns	yes	no	0
3699	S16	ns	yes	yes	9
3700	S15	nns	no	no	10
3701	S16	ns	no	no	10
3702	S16	ns	no	no	9
3703	S15	nns	yes	yes	0
3704	S16	ns	yes	no	0
3705	S16	ns	no	no	10
3706	S15	nns	no	no	10
3707	S16	ns	no	no	10
3708	S15	nns	no	no	10
3709	S15	nns	no	no	10
3710	S15	nns	no	no	10
3711	S15	nns	no	no	0
3712	S16	ns	no	no	10
3713	S15	nns	no	no	10
3714	S15	nns	yes	no	10
3715	S15	nns	no	no	9
3716	S15	nns	no	no	10
3717	S16	ns	yes	yes	0
3718	S16	ns	no	no	10
3719	S15	nns	no	no	10
3720	S15	nns	no	no	10
3721	S15	nns	yes	no	0
3722	S16	ns	no	no	10
3723	S15	nns	no	no	10
3724	S16	ns	no	no	10
3725	S16	ns	no	yes	10
3726	S15	nns	no	no	10
3727	S15	nns	yes	yes	0
3728	S16	ns	no	no	10
3729	S16	ns	no	no	10
3730	S15	nns	no	no	10
3731	S16	ns	no	no	10
3732	S15	nns	yes	yes	0
3733	S15	nns	no	no	10
3734	S15	nns	yes	no	0
3735	S15	nns	no	no	10
3736	S15	nns	no	no	10
3737	S16	ns	no	no	7
3738	S15	nns	yes	no	9
3739	S15	nns	yes	yes	10
3740	S15	nns	no	no	10
3741	S15	nns	no	no	10
3742	S16	ns	no	no	10
3743	S15	nns	no	no	10
3744	S16	ns	no	no	10
3745	S15	nns	no	yes	6
3746	S16	ns	no	no	9
3747	S15	nns	yes	yes	10
3748	S15	nns	no	no	8
3749	S15	nns	yes	no	10
3750	S15	nns	no	no	0
3751	S16	ns	yes	no	0
3752	S15	nns	no	no	10
3753	S15	nns	no	no	10
3754	S15	nns	no	no	10
3755	S15	nns	yes	no	0
3756	S16	ns	yes	no	0
3757	S15	nns	yes	no	0
3758	S15	nns	no	no	0
3759	S15	nns	no	no	10
3760	S15	nns	no	no	10
3761	S16	ns	no	no	10
3762	S15	nns	yes	no	10
3763	S15	nns	no	no	10
3764	S15	nns	yes	no	10
3765	S15	nns	no	no	9
3766	S15	nns	no	no	10
3767	S16	ns	yes	no	10
3768	S16	ns	no	no	10
3769	S15	nns	no	no	0
3770	S15	nns	no	no	10
3771	S15	nns	no	no	10
3772	S15	nns	no	no	10
3773	S16	ns	no	no	10
3774	S15	nns	no	no	10
3775	S16	ns	yes	no	0
3776	S15	nns	no	no	10
3777	S15	nns	no	no	10
3778	S16	ns	no	no	10
3779	S15	nns	yes	no	0
3780	S15	nns	yes	no	9
3781	S15	nns	yes	no	9
3782	S16	ns	no	no	10
3783	S15	nns	yes	no	8
3784	S15	nns	yes	no	10
3785	S16	ns	no	no	10
3786	S15	nns	no	no	10
3787	S16	ns	no	no	10
3788	S16	ns	yes	no	10
3789	S16	ns	no	no	10
3790	S16	ns	no	no	10
3791	S16	ns	yes	no	10
3792	S15	nns	no	no	10
3793	S15	nns	no	no	10
3794	S15	nns	no	no	10
3795	S15	nns	no	no	10
3796	S16	ns	yes	yes	10
3797	S15	nns	yes	yes	0
3798	S16	ns	no	no	9
3799	S15	nns	yes	no	10
3800	S16	ns	no	no	10
3801	S15	nns	yes	no	0
3802	S16	ns	no	no	10
3803	S15	nns	no	no	9
3804	S16	ns	no	no	8
3805	S15	nns	no	no	10
3806	S15	nns	yes	no	0
3807	S15	nns	yes	no	0
3808	S15	nns	no	no	10
3809	S15	nns	no	no	10
3810	S15	nns	yes	no	0
3811	S16	ns	no	no	0
3812	S15	nns	no	no	10
3813	S16	ns	no	no	10
3814	S16	ns	no	no	10
3815	S15	nns	yes	no	0
3816	S15	nns	yes	yes	0
3817	S15	nns	no	no	10
3818	S15	nns	no	no	8
3819	S16	ns	no	no	9
3820	S15	nns	yes	no	10
3821	S15	nns	no	no	10
3822	S15	nns	yes	no	10
3823	S15	nns	no	no	10
3824	S16	ns	no	no	10
3825	S15	nns	yes	yes	0
3826	S15	nns	no	no	0
3827	S16	ns	no	no	10
3828	S16	ns	no	no	10
3829	S15	nns	yes	no	0
3830	S15	nns	yes	yes	9
3831	S15	nns	no	no	9
3832	S15	nns	no	no	8
3833	S15	nns	yes	no	0
3834	S15	nns	yes	no	10
3835	S15	nns	yes	no	0
3836	S16	ns	no	no	10
3837	S15	nns	no	no	10
3838	S16	ns	no	no	10
3839	S15	nns	no	no	10
3840	S16	ns	yes	yes	0
3841	S15	nns	no	no	9
3842	S15	nns	no	no	10
3843	S15	nns	no	no	10
3844	S15	nns	no	no	10
3845	S16	ns	yes	no	10
3846	S15	nns	yes	yes	10
3847	S15	nns	no	no	10
3848	S15	nns	no	no	10
3849	S16	ns	no	no	10
3850	S15	nns	no	no	8
3851	S15	nns	yes	no	0
3852	S15	nns	no	no	9
3853	S15	nns	no	no	10
3854	S16	ns	no	no	10
3855	S15	nns	yes	yes	0
3856	S16	ns	no	no	10
3857	S16	ns	no	no	10
3858	S15	nns	no	no	10
3859	S16	ns	yes	no	7
3860	S15	nns	no	no	10
3861	S16	ns	no	no	10
3862	S15	nns	yes	no	0
3863	S16	ns	no	no	10
3864	S15	nns	no	no	8
3865	S15	nns	no	no	10
3866	S15	nns	yes	no	10
3867	S15	nns	no	no	10
3868	S15	nns	no	no	10
3869	S16	ns	no	no	10
3870	S15	nns	no	no	10
3871	S15	nns	no	no	10
3872	S16	ns	yes	no	0
3873	S15	nns	no	no	6
3874	S15	nns	no	no	7
3875	S16	ns	no	no	10
3876	S15	nns	no	no	10
3877	S15	nns	yes	no	10
3878	S15	nns	no	no	10
3879	S15	nns	yes	no	3
3880	S16	ns	no	no	9
3881	S15	nns	no	no	10
3882	S15	nns	no	no	10
3883	S16	ns	no	no	10
3884	S16	ns	no	no	10
3885	S15	nns	yes	yes	9
3886	S15	nns	no	no	10
3887	S15	nns	yes	yes	10
3888	S16	ns	no	no	10
3889	S15	nns	no	no	10
3890	S15	nns	yes	yes	10
3891	S15	nns	yes	yes	0
3892	S16	ns	no	no	9
3893	S16	ns	no	no	8
3894	S15	nns	yes	no	0
3895	S16	ns	yes	no	10
3896	S15	nns	no	no	10
3897	S15	nns	yes	yes	10
3898	S15	nns	yes	no	10
3899	S16	ns	yes	no	0
3900	S15	nns	no	no	10
3901	S16	ns	no	no	10
3902	S15	nns	no	no	10
3903	S16	ns	yes	no	10
3904	S16	ns	yes	no	5
3905	S15	nns	no	no	10
3906	S15	nns	yes	no	10
3907	S15	nns	yes	no	0
3908	S16	ns	no	no	10
3909	S16	ns	no	no	10
3910	S15	nns	no	no	10
3911	S16	ns	no	no	10
3912	S16	ns	no	no	10
3913	S16	ns	yes	no	0
3914	S15	nns	yes	no	0
3915	S15	nns	no	no	10
3916	S15	nns	yes	no	10
3917	S15	nns	no	no	10
3918	S15	nns	no	no	0
3919	S15	nns	yes	no	0
3920	S15	nns	yes	no	0
3921	S15	nns	yes	no	9
3922	S16	ns	no	no	10
3923	S15	nns	no	no	10
3924	S15	nns	no	no	10
3925	S18	ns	no	no	10
3926	S17	nns	no	no	10
3927	S18	ns	yes	yes	0
3928	S17	nns	no	no	10
3929	S18	ns	no	no	9
3930	S17	nns	yes	no	0
3931	S17	nns	no	no	10
3932	S18	ns	yes	yes	9
3933	S17	nns	no	no	10
3934	S18	ns	no	no	10
3935	S18	ns	no	no	10
3936	S18	ns	yes	no	0
3937	S17	nns	no	no	0
3938	S17	nns	no	no	10
3939	S18	ns	no	no	10
3940	S17	nns	no	no	10
3941	S18	ns	no	no	10
3942	S17	nns	yes	no	0
3943	S18	ns	yes	yes	9
3944	S18	ns	no	no	10
3945	S18	ns	no	no	10
3946	S17	nns	yes	no	0
3947	S17	nns	yes	no	6
3948	S17	nns	no	no	10
3949	S18	ns	no	no	10
3950	S18	ns	no	no	9
3951	S17	nns	no	no	10
3952	S17	nns	no	no	10
3953	S18	ns	no	no	10
3954	S18	ns	no	no	10
3955	S17	nns	no	no	10
3956	S18	ns	no	no	9
3957	S18	ns	yes	yes	0
3958	S18	ns	no	no	10
3959	S18	ns	no	no	10
3960	S18	ns	no	no	10
3961	S18	ns	no	no	7
3962	S18	ns	yes	no	0
3963	S18	ns	yes	no	0
3964	S17	nns	no	no	10
3965	S17	nns	yes	no	10
3966	S17	nns	no	no	10
3967	S17	nns	no	no	10
3968	S18	ns	no	no	10
3969	S18	ns	no	no	10
3970	S17	nns	no	no	10
3971	S18	ns	no	no	10
3972	S18	ns	no	no	9
3973	S18	ns	no	no	10
3974	S18	ns	no	no	10
3975	S18	ns	no	no	10
3976	S18	ns	no	no	10
3977	S18	ns	no	no	10
3978	S17	nns	no	no	10
3979	S18	ns	no	no	9
3980	S17	nns	no	no	10
3981	S17	nns	yes	yes	0
3982	S18	ns	no	no	10
3983	S18	ns	no	no	10
3984	S18	ns	no	no	10
3985	S17	nns	yes	no	0
3986	S17	nns	yes	no	0
3987	S18	ns	no	no	10
3988	S18	ns	no	no	9
3989	S18	ns	yes	no	10
3990	S17	nns	no	no	10
3991	S17	nns	no	no	10
3992	S18	ns	yes	no	9
3993	S17	nns	no	no	10
3994	S18	ns	yes	no	8
3995	S17	nns	no	no	9
3996	S18	ns	yes	no	0
3997	S17	nns	yes	no	10
3998	S18	ns	no	no	10
3999	S18	ns	no	no	10
4000	S17	nns	yes	yes	0
4001	S17	nns	yes	no	9
4002	S18	ns	no	no	10
4003	S18	ns	no	no	10
4004	S17	nns	no	no	10
4005	S18	ns	no	no	10
4006	S18	ns	no	no	10
4007	S17	nns	yes	yes	0
4008	S17	nns	no	no	10
4009	S18	ns	no	no	9
4010	S17	nns	no	no	10
4011	S17	nns	no	no	10
4012	S18	ns	no	no	10
4013	S18	ns	no	no	10
4014	S18	ns	no	no	10
4015	S18	ns	no	no	10
4016	S18	ns	no	no	10
4017	S18	ns	yes	yes	10
4018	S17	nns	no	no	10
4019	S17	nns	no	no	9
4020	S17	nns	yes	no	0
4021	S17	nns	no	no	10
4022	S18	ns	no	no	10
4023	S17	nns	no	no	9
4024	S18	ns	no	no	10
4025	S18	ns	no	no	9
4026	S17	nns	yes	no	0
4027	S18	ns	no	no	10
4028	S17	nns	yes	no	0
4029	S17	nns	no	no	10
4030	S18	ns	no	no	10
4031	S18	ns	yes	no	10
4032	S18	ns	no	no	10
4033	S18	ns	yes	no	10
4034	S18	ns	yes	no	10
4035	S18	ns	yes	no	0
4036	S18	ns	no	no	10
4037	S18	ns	no	no	10
4038	S18	ns	yes	no	0
4039	S17	nns	no	no	10
4040	S18	ns	yes	no	0
4041	S18	ns	no	no	10
4042	S18	ns	no	no	10
4043	S17	nns	yes	no	10
4044	S17	nns	no	no	10
4045	S18	ns	yes	no	9
4046	S18	ns	no	no	10
4047	S17	nns	no	no	10
4048	S17	nns	no	no	10
4049	S17	nns	yes	yes	0
4050	S17	nns	yes	yes	10
4051	S17	nns	no	no	10
4052	S18	ns	no	no	10
4053	S18	ns	no	no	10
4054	S18	ns	no	no	10
4055	S18	ns	yes	yes	10
4056	S17	nns	no	no	10
4057	S17	nns	yes	no	0
4058	S18	ns	yes	no	10
4059	S18	ns	no	no	10
4060	S18	ns	no	no	10
4061	S17	nns	no	no	10
4062	S18	ns	no	no	10
4063	S17	nns	yes	no	10
4064	S17	nns	no	no	10
4065	S18	ns	no	no	10
4066	S17	nns	no	no	9
4067	S18	ns	no	no	0
4068	S17	nns	no	no	9
4069	S17	nns	yes	no	0
4070	S18	ns	no	no	10
4071	S18	ns	yes	no	0
4072	S18	ns	no	no	10
4073	S17	nns	no	no	10
4074	S17	nns	no	no	10
4075	S18	ns	no	no	10
4076	S17	nns	no	no	10
4077	S17	nns	no	no	10
4078	S18	ns	yes	no	0
4079	S17	nns	no	no	10
4080	S18	ns	yes	yes	10
4081	S17	nns	no	no	10
4082	S18	ns	yes	no	8
4083	S18	ns	no	no	10
4084	S18	ns	yes	yes	0
4085	S18	ns	yes	no	0
4086	S17	nns	no	no	10
4087	S17	nns	yes	no	0
4088	S18	ns	no	no	10
4089	S17	nns	no	no	10
4090	S18	ns	yes	no	0
4091	S17	nns	no	no	10
4092	S18	ns	no	no	10
4093	S18	ns	no	no	10
4094	S17	nns	no	no	10
4095	S17	nns	yes	no	0
4096	S18	ns	no	no	10
4097	S18	ns	yes	no	0
4098	S18	ns	yes	yes	10
4099	S17	nns	no	no	10
4100	S18	ns	yes	no	10
4101	S18	ns	no	no	10
4102	S17	nns	no	no	10
4103	S17	nns	no	no	10
4104	S18	ns	no	no	10
4105	S17	nns	no	no	10
4106	S18	ns	yes	no	0
4107	S18	ns	yes	no	0
4108	S17	nns	no	no	10
4109	S17	nns	no	no	10
4110	S18	ns	no	no	10
4111	S18	ns	no	no	10
4112	S18	ns	no	no	10
4113	S18	ns	no	no	10
4114	S17	nns	no	no	10
4115	S17	nns	yes	yes	0
4116	S18	ns	no	no	9
4117	S18	ns	yes	no	0
4118	S18	ns	no	no	10
4119	S18	ns	no	no	10
4120	S17	nns	yes	yes	7
4121	S18	ns	no	no	10
4122	S17	nns	no	no	10
4123	S17	nns	yes	no	0
4124	S18	ns	no	no	10
4125	S17	nns	no	no	10
4126	S17	nns	yes	no	0
4127	S18	ns	no	no	10
4128	S17	nns	no	no	10
4129	S17	nns	no	no	10
4130	S17	nns	no	no	10
4131	S17	nns	no	no	9
4132	S18	ns	yes	no	0
4133	S18	ns	no	no	10
4134	S18	ns	yes	no	0
4135	S18	ns	no	no	10
4136	S17	nns	no	no	10
4137	S18	ns	yes	no	0
4138	S18	ns	no	no	10
4139	S18	ns	yes	no	9
4140	S18	ns	no	no	10
4141	S17	nns	yes	no	8
4142	S17	nns	no	no	10
4143	S18	ns	no	no	10
4144	S18	ns	no	no	10
4145	S17	nns	no	no	10
4146	S18	ns	no	no	10
4147	S18	ns	yes	yes	10
4148	S17	nns	no	no	10
4149	S17	nns	yes	no	0
4150	S17	nns	no	no	10
4151	S18	ns	no	no	10
4152	S17	nns	no	no	10
4153	S18	ns	no	no	10
4154	S18	ns	no	no	10
4155	S17	nns	no	no	9
4156	S18	ns	yes	no	10
4157	S17	nns	no	no	10
4158	S18	ns	no	no	10
4159	S17	nns	no	no	10
4160	S17	nns	no	no	9
4161	S17	nns	no	no	10
4162	S18	ns	no	no	10
4163	S17	nns	no	no	10
4164	S17	nns	no	no	8
4165	S18	ns	yes	no	0
4166	S18	ns	no	no	10
4167	S18	ns	no	no	10
4168	S18	ns	yes	no	10
4169	S17	nns	yes	no	0
4170	S18	ns	yes	no	5
4171	S17	nns	yes	no	10
4172	S18	ns	no	no	10
4173	S18	ns	no	no	10
4174	S17	nns	yes	no	0
4175	S17	nns	no	no	10
4176	S17	nns	yes	no	10
4177	S17	nns	yes	no	10
4178	S18	ns	no	no	10
4179	S18	ns	no	no	9
4180	S18	ns	no	no	10
4181	S18	ns	yes	no	0
4182	S18	ns	yes	no	0
4183	S17	nns	no	no	10
4184	S17	nns	yes	yes	0
4185	S17	nns	no	no	10
4186	S17	nns	no	no	10
4187	S18	ns	no	no	9
4188	S18	ns	yes	no	0
4189	S18	ns	no	no	10
4190	S17	nns	no	no	9
4191	S18	ns	yes	no	9
4192	S18	ns	no	no	10
4193	S18	ns	no	no	5
4194	S17	nns	no	no	10
4195	S18	ns	yes	no	0
4196	S18	ns	yes	yes	8
4197	S18	ns	yes	no	0
4198	S18	ns	yes	no	1
4199	S17	nns	yes	no	0
4200	S18	ns	no	no	10
4201	S18	ns	yes	no	0
4202	S18	ns	yes	no	0
4203	S18	ns	no	no	10
4204	S18	ns	no	no	10
4205	S18	ns	no	no	10
4206	S17	nns	no	no	9
4207	S17	nns	yes	no	0
4208	S18	ns	no	no	10
4209	S17	nns	no	no	10
4210	S18	ns	yes	no	9
4211	S17	nns	no	no	10
4212	S17	nns	no	no	9
4213	S18	ns	no	no	10
4214	S18	ns	no	no	10
4215	S18	ns	no	no	8
4216	S17	nns	no	no	10
4217	S18	ns	yes	yes	0
4218	S18	ns	yes	no	10
4219	S17	nns	no	no	10
4220	S18	ns	no	no	9
4221	S17	nns	no	no	10
4222	S18	ns	no	no	10
4223	S18	ns	no	no	10
4224	S18	ns	no	no	10
4225	S18	ns	no	no	10
4226	S17	nns	no	no	10
4227	S18	ns	no	no	10
4228	S18	ns	no	no	10
4229	S18	ns	yes	no	10
4230	S17	nns	no	no	10
4231	S17	nns	no	no	10
4232	S17	nns	yes	yes	0
4233	S18	ns	no	no	10
4234	S18	ns	no	no	0
4235	S17	nns	no	no	10
4236	S18	ns	no	no	10
4237	S17	nns	no	no	10
4238	S18	ns	yes	no	0
4239	S18	ns	no	no	10
4240	S18	ns	no	no	10
4241	S17	nns	no	no	10
4242	S17	nns	yes	no	0
4243	S17	nns	no	no	10
4244	S18	ns	no	no	10
4245	S18	ns	yes	no	0
4246	S18	ns	no	no	9
4247	S17	nns	no	no	10
4248	S17	nns	yes	no	0
4249	S17	nns	yes	no	0
4250	S18	ns	yes	no	0
4251	S18	ns	no	no	10
4252	S17	nns	no	no	10
4253	S17	nns	no	no	8
4254	S17	nns	no	no	10
4255	S18	ns	no	no	10
4256	S17	nns	no	no	10
4257	S18	ns	no	no	10
4258	S17	nns	no	no	10
4259	S17	nns	no	no	10
4260	S17	nns	no	no	10
4261	S18	ns	no	no	10
4262	S18	ns	no	no	10
4263	S18	ns	no	no	8
4264	S17	nns	no	no	10
4265	S17	nns	yes	no	0
4266	S18	ns	no	no	10
4267	S17	nns	no	no	10
4268	S18	ns	no	no	10
4269	S17	nns	no	no	8
4270	S18	ns	yes	no	0
4271	S18	ns	no	no	9
4272	S18	ns	no	no	10
4273	S17	nns	no	no	10
4274	S17	nns	no	no	9
4275	S18	ns	yes	no	0
4276	S17	nns	yes	no	0
4277	S17	nns	yes	no	0
4278	S18	ns	no	no	10
4279	S18	ns	no	no	2
4280	S18	ns	no	no	10
4281	S18	ns	no	no	10
4282	S18	ns	no	no	10
4283	S18	ns	no	yes	0
4284	S18	ns	no	no	10
4285	S17	nns	yes	no	10
4286	S17	nns	yes	no	10
4287	S17	nns	yes	yes	0
4288	S18	ns	yes	no	0
4289	S17	nns	no	no	10
4290	S18	ns	no	no	10
4291	S18	ns	no	no	10
4292	S17	nns	no	no	10
4293	S17	nns	no	no	10
4294	S18	ns	no	no	10
4295	S17	nns	no	no	10
4296	S17	nns	yes	yes	0
4297	S18	ns	no	no	10
4298	S18	ns	no	no	10
4299	S17	nns	no	no	9
4300	S17	nns	no	no	10
4301	S18	ns	yes	no	10
4302	S18	ns	no	no	10
4303	S18	ns	no	no	10
4304	S18	ns	no	no	10
4305	S18	ns	no	no	10
4306	S18	ns	no	no	10
4307	S18	ns	no	no	9
4308	S17	nns	no	no	10
4309	S17	nns	no	no	10
4310	S18	ns	yes	no	10
4311	S17	nns	no	no	10
4312	S18	ns	yes	no	0
4313	S18	ns	no	no	9
4314	S17	nns	no	no	10
4315	S18	ns	yes	no	0
4316	S18	ns	no	no	10
4317	S17	nns	no	no	10
4318	S18	ns	no	no	10
4319	S18	ns	no	no	10
4320	S18	ns	no	no	10
4321	S17	nns	no	no	10
4322	S17	nns	no	no	8
4323	S18	ns	no	no	10
4324	S18	ns	yes	no	0
4325	S18	ns	yes	yes	8
4326	S18	ns	yes	no	0
4327	S17	nns	yes	no	0
4328	S18	ns	no	no	9
4329	S17	nns	no	no	0
4330	S18	ns	no	no	10
4331	S17	nns	no	no	10
