CASE	CLASS	SEX	AGE	SURVIVED
1	3rd	male	child	no
2	3rd	male	child	no
3	3rd	male	child	no
4	3rd	male	child	no
5	3rd	male	child	no
6	3rd	male	child	no
7	3rd	male	child	no
8	3rd	male	child	no
9	3rd	male	child	no
10	3rd	male	child	no
11	3rd	male	child	no
12	3rd	male	child	no
13	3rd	male	child	no
14	3rd	male	child	no
15	3rd	male	child	no
16	3rd	male	child	no
17	3rd	male	child	no
18	3rd	male	child	no
19	3rd	male	child	no
20	3rd	male	child	no
21	3rd	male	child	no
22	3rd	male	child	no
23	3rd	male	child	no
24	3rd	male	child	no
25	3rd	male	child	no
26	3rd	male	child	no
27	3rd	male	child	no
28	3rd	male	child	no
29	3rd	male	child	no
30	3rd	male	child	no
31	3rd	male	child	no
32	3rd	male	child	no
33	3rd	male	child	no
34	3rd	male	child	no
35	3rd	male	child	no
36	3rd	female	child	no
37	3rd	female	child	no
38	3rd	female	child	no
39	3rd	female	child	no
40	3rd	female	child	no
41	3rd	female	child	no
42	3rd	female	child	no
43	3rd	female	child	no
44	3rd	female	child	no
45	3rd	female	child	no
46	3rd	female	child	no
47	3rd	female	child	no
48	3rd	female	child	no
49	3rd	female	child	no
50	3rd	female	child	no
51	3rd	female	child	no
52	3rd	female	child	no
53	1st	male	adult	no
54	1st	male	adult	no
55	1st	male	adult	no
56	1st	male	adult	no
57	1st	male	adult	no
58	1st	male	adult	no
59	1st	male	adult	no
60	1st	male	adult	no
61	1st	male	adult	no
62	1st	male	adult	no
63	1st	male	adult	no
64	1st	male	adult	no
65	1st	male	adult	no
66	1st	male	adult	no
67	1st	male	adult	no
68	1st	male	adult	no
69	1st	male	adult	no
70	1st	male	adult	no
71	1st	male	adult	no
72	1st	male	adult	no
73	1st	male	adult	no
74	1st	male	adult	no
75	1st	male	adult	no
76	1st	male	adult	no
77	1st	male	adult	no
78	1st	male	adult	no
79	1st	male	adult	no
80	1st	male	adult	no
81	1st	male	adult	no
82	1st	male	adult	no
83	1st	male	adult	no
84	1st	male	adult	no
85	1st	male	adult	no
86	1st	male	adult	no
87	1st	male	adult	no
88	1st	male	adult	no
89	1st	male	adult	no
90	1st	male	adult	no
91	1st	male	adult	no
92	1st	male	adult	no
93	1st	male	adult	no
94	1st	male	adult	no
95	1st	male	adult	no
96	1st	male	adult	no
97	1st	male	adult	no
98	1st	male	adult	no
99	1st	male	adult	no
100	1st	male	adult	no
101	1st	male	adult	no
102	1st	male	adult	no
103	1st	male	adult	no
104	1st	male	adult	no
105	1st	male	adult	no
106	1st	male	adult	no
107	1st	male	adult	no
108	1st	male	adult	no
109	1st	male	adult	no
110	1st	male	adult	no
111	1st	male	adult	no
112	1st	male	adult	no
113	1st	male	adult	no
114	1st	male	adult	no
115	1st	male	adult	no
116	1st	male	adult	no
117	1st	male	adult	no
118	1st	male	adult	no
119	1st	male	adult	no
120	1st	male	adult	no
121	1st	male	adult	no
122	1st	male	adult	no
123	1st	male	adult	no
124	1st	male	adult	no
125	1st	male	adult	no
126	1st	male	adult	no
127	1st	male	adult	no
128	1st	male	adult	no
129	1st	male	adult	no
130	1st	male	adult	no
131	1st	male	adult	no
132	1st	male	adult	no
133	1st	male	adult	no
134	1st	male	adult	no
135	1st	male	adult	no
136	1st	male	adult	no
137	1st	male	adult	no
138	1st	male	adult	no
139	1st	male	adult	no
140	1st	male	adult	no
141	1st	male	adult	no
142	1st	male	adult	no
143	1st	male	adult	no
144	1st	male	adult	no
145	1st	male	adult	no
146	1st	male	adult	no
147	1st	male	adult	no
148	1st	male	adult	no
149	1st	male	adult	no
150	1st	male	adult	no
151	1st	male	adult	no
152	1st	male	adult	no
153	1st	male	adult	no
154	1st	male	adult	no
155	1st	male	adult	no
156	1st	male	adult	no
157	1st	male	adult	no
158	1st	male	adult	no
159	1st	male	adult	no
160	1st	male	adult	no
161	1st	male	adult	no
162	1st	male	adult	no
163	1st	male	adult	no
164	1st	male	adult	no
165	1st	male	adult	no
166	1st	male	adult	no
167	1st	male	adult	no
168	1st	male	adult	no
169	1st	male	adult	no
170	1st	male	adult	no
171	2nd	male	adult	no
172	2nd	male	adult	no
173	2nd	male	adult	no
174	2nd	male	adult	no
175	2nd	male	adult	no
176	2nd	male	adult	no
177	2nd	male	adult	no
178	2nd	male	adult	no
179	2nd	male	adult	no
180	2nd	male	adult	no
181	2nd	male	adult	no
182	2nd	male	adult	no
183	2nd	male	adult	no
184	2nd	male	adult	no
185	2nd	male	adult	no
186	2nd	male	adult	no
187	2nd	male	adult	no
188	2nd	male	adult	no
189	2nd	male	adult	no
190	2nd	male	adult	no
191	2nd	male	adult	no
192	2nd	male	adult	no
193	2nd	male	adult	no
194	2nd	male	adult	no
195	2nd	male	adult	no
196	2nd	male	adult	no
197	2nd	male	adult	no
198	2nd	male	adult	no
199	2nd	male	adult	no
200	2nd	male	adult	no
201	2nd	male	adult	no
202	2nd	male	adult	no
203	2nd	male	adult	no
204	2nd	male	adult	no
205	2nd	male	adult	no
206	2nd	male	adult	no
207	2nd	male	adult	no
208	2nd	male	adult	no
209	2nd	male	adult	no
210	2nd	male	adult	no
211	2nd	male	adult	no
212	2nd	male	adult	no
213	2nd	male	adult	no
214	2nd	male	adult	no
215	2nd	male	adult	no
216	2nd	male	adult	no
217	2nd	male	adult	no
218	2nd	male	adult	no
219	2nd	male	adult	no
220	2nd	male	adult	no
221	2nd	male	adult	no
222	2nd	male	adult	no
223	2nd	male	adult	no
224	2nd	male	adult	no
225	2nd	male	adult	no
226	2nd	male	adult	no
227	2nd	male	adult	no
228	2nd	male	adult	no
229	2nd	male	adult	no
230	2nd	male	adult	no
231	2nd	male	adult	no
232	2nd	male	adult	no
233	2nd	male	adult	no
234	2nd	male	adult	no
235	2nd	male	adult	no
236	2nd	male	adult	no
237	2nd	male	adult	no
238	2nd	male	adult	no
239	2nd	male	adult	no
240	2nd	male	adult	no
241	2nd	male	adult	no
242	2nd	male	adult	no
243	2nd	male	adult	no
244	2nd	male	adult	no
245	2nd	male	adult	no
246	2nd	male	adult	no
247	2nd	male	adult	no
248	2nd	male	adult	no
249	2nd	male	adult	no
250	2nd	male	adult	no
251	2nd	male	adult	no
252	2nd	male	adult	no
253	2nd	male	adult	no
254	2nd	male	adult	no
255	2nd	male	adult	no
256	2nd	male	adult	no
257	2nd	male	adult	no
258	2nd	male	adult	no
259	2nd	male	adult	no
260	2nd	male	adult	no
261	2nd	male	adult	no
262	2nd	male	adult	no
263	2nd	male	adult	no
264	2nd	male	adult	no
265	2nd	male	adult	no
266	2nd	male	adult	no
267	2nd	male	adult	no
268	2nd	male	adult	no
269	2nd	male	adult	no
270	2nd	male	adult	no
271	2nd	male	adult	no
272	2nd	male	adult	no
273	2nd	male	adult	no
274	2nd	male	adult	no
275	2nd	male	adult	no
276	2nd	male	adult	no
277	2nd	male	adult	no
278	2nd	male	adult	no
279	2nd	male	adult	no
280	2nd	male	adult	no
281	2nd	male	adult	no
282	2nd	male	adult	no
283	2nd	male	adult	no
284	2nd	male	adult	no
285	2nd	male	adult	no
286	2nd	male	adult	no
287	2nd	male	adult	no
288	2nd	male	adult	no
289	2nd	male	adult	no
290	2nd	male	adult	no
291	2nd	male	adult	no
292	2nd	male	adult	no
293	2nd	male	adult	no
294	2nd	male	adult	no
295	2nd	male	adult	no
296	2nd	male	adult	no
297	2nd	male	adult	no
298	2nd	male	adult	no
299	2nd	male	adult	no
300	2nd	male	adult	no
301	2nd	male	adult	no
302	2nd	male	adult	no
303	2nd	male	adult	no
304	2nd	male	adult	no
305	2nd	male	adult	no
306	2nd	male	adult	no
307	2nd	male	adult	no
308	2nd	male	adult	no
309	2nd	male	adult	no
310	2nd	male	adult	no
311	2nd	male	adult	no
312	2nd	male	adult	no
313	2nd	male	adult	no
314	2nd	male	adult	no
315	2nd	male	adult	no
316	2nd	male	adult	no
317	2nd	male	adult	no
318	2nd	male	adult	no
319	2nd	male	adult	no
320	2nd	male	adult	no
321	2nd	male	adult	no
322	2nd	male	adult	no
323	2nd	male	adult	no
324	2nd	male	adult	no
325	3rd	male	adult	no
326	3rd	male	adult	no
327	3rd	male	adult	no
328	3rd	male	adult	no
329	3rd	male	adult	no
330	3rd	male	adult	no
331	3rd	male	adult	no
332	3rd	male	adult	no
333	3rd	male	adult	no
334	3rd	male	adult	no
335	3rd	male	adult	no
336	3rd	male	adult	no
337	3rd	male	adult	no
338	3rd	male	adult	no
339	3rd	male	adult	no
340	3rd	male	adult	no
341	3rd	male	adult	no
342	3rd	male	adult	no
343	3rd	male	adult	no
344	3rd	male	adult	no
345	3rd	male	adult	no
346	3rd	male	adult	no
347	3rd	male	adult	no
348	3rd	male	adult	no
349	3rd	male	adult	no
350	3rd	male	adult	no
351	3rd	male	adult	no
352	3rd	male	adult	no
353	3rd	male	adult	no
354	3rd	male	adult	no
355	3rd	male	adult	no
356	3rd	male	adult	no
357	3rd	male	adult	no
358	3rd	male	adult	no
359	3rd	male	adult	no
360	3rd	male	adult	no
361	3rd	male	adult	no
362	3rd	male	adult	no
363	3rd	male	adult	no
364	3rd	male	adult	no
365	3rd	male	adult	no
366	3rd	male	adult	no
367	3rd	male	adult	no
368	3rd	male	adult	no
369	3rd	male	adult	no
370	3rd	male	adult	no
371	3rd	male	adult	no
372	3rd	male	adult	no
373	3rd	male	adult	no
374	3rd	male	adult	no
375	3rd	male	adult	no
376	3rd	male	adult	no
377	3rd	male	adult	no
378	3rd	male	adult	no
379	3rd	male	adult	no
380	3rd	male	adult	no
381	3rd	male	adult	no
382	3rd	male	adult	no
383	3rd	male	adult	no
384	3rd	male	adult	no
385	3rd	male	adult	no
386	3rd	male	adult	no
387	3rd	male	adult	no
388	3rd	male	adult	no
389	3rd	male	adult	no
390	3rd	male	adult	no
391	3rd	male	adult	no
392	3rd	male	adult	no
393	3rd	male	adult	no
394	3rd	male	adult	no
395	3rd	male	adult	no
396	3rd	male	adult	no
397	3rd	male	adult	no
398	3rd	male	adult	no
399	3rd	male	adult	no
400	3rd	male	adult	no
401	3rd	male	adult	no
402	3rd	male	adult	no
403	3rd	male	adult	no
404	3rd	male	adult	no
405	3rd	male	adult	no
406	3rd	male	adult	no
407	3rd	male	adult	no
408	3rd	male	adult	no
409	3rd	male	adult	no
410	3rd	male	adult	no
411	3rd	male	adult	no
412	3rd	male	adult	no
413	3rd	male	adult	no
414	3rd	male	adult	no
415	3rd	male	adult	no
416	3rd	male	adult	no
417	3rd	male	adult	no
418	3rd	male	adult	no
419	3rd	male	adult	no
420	3rd	male	adult	no
421	3rd	male	adult	no
422	3rd	male	adult	no
423	3rd	male	adult	no
424	3rd	male	adult	no
425	3rd	male	adult	no
426	3rd	male	adult	no
427	3rd	male	adult	no
428	3rd	male	adult	no
429	3rd	male	adult	no
430	3rd	male	adult	no
431	3rd	male	adult	no
432	3rd	male	adult	no
433	3rd	male	adult	no
434	3rd	male	adult	no
435	3rd	male	adult	no
436	3rd	male	adult	no
437	3rd	male	adult	no
438	3rd	male	adult	no
439	3rd	male	adult	no
440	3rd	male	adult	no
441	3rd	male	adult	no
442	3rd	male	adult	no
443	3rd	male	adult	no
444	3rd	male	adult	no
445	3rd	male	adult	no
446	3rd	male	adult	no
447	3rd	male	adult	no
448	3rd	male	adult	no
449	3rd	male	adult	no
450	3rd	male	adult	no
451	3rd	male	adult	no
452	3rd	male	adult	no
453	3rd	male	adult	no
454	3rd	male	adult	no
455	3rd	male	adult	no
456	3rd	male	adult	no
457	3rd	male	adult	no
458	3rd	male	adult	no
459	3rd	male	adult	no
460	3rd	male	adult	no
461	3rd	male	adult	no
462	3rd	male	adult	no
463	3rd	male	adult	no
464	3rd	male	adult	no
465	3rd	male	adult	no
466	3rd	male	adult	no
467	3rd	male	adult	no
468	3rd	male	adult	no
469	3rd	male	adult	no
470	3rd	male	adult	no
471	3rd	male	adult	no
472	3rd	male	adult	no
473	3rd	male	adult	no
474	3rd	male	adult	no
475	3rd	male	adult	no
476	3rd	male	adult	no
477	3rd	male	adult	no
478	3rd	male	adult	no
479	3rd	male	adult	no
480	3rd	male	adult	no
481	3rd	male	adult	no
482	3rd	male	adult	no
483	3rd	male	adult	no
484	3rd	male	adult	no
485	3rd	male	adult	no
486	3rd	male	adult	no
487	3rd	male	adult	no
488	3rd	male	adult	no
489	3rd	male	adult	no
490	3rd	male	adult	no
491	3rd	male	adult	no
492	3rd	male	adult	no
493	3rd	male	adult	no
494	3rd	male	adult	no
495	3rd	male	adult	no
496	3rd	male	adult	no
497	3rd	male	adult	no
498	3rd	male	adult	no
499	3rd	male	adult	no
500	3rd	male	adult	no
501	3rd	male	adult	no
502	3rd	male	adult	no
503	3rd	male	adult	no
504	3rd	male	adult	no
505	3rd	male	adult	no
506	3rd	male	adult	no
507	3rd	male	adult	no
508	3rd	male	adult	no
509	3rd	male	adult	no
510	3rd	male	adult	no
511	3rd	male	adult	no
512	3rd	male	adult	no
513	3rd	male	adult	no
514	3rd	male	adult	no
515	3rd	male	adult	no
516	3rd	male	adult	no
517	3rd	male	adult	no
518	3rd	male	adult	no
519	3rd	male	adult	no
520	3rd	male	adult	no
521	3rd	male	adult	no
522	3rd	male	adult	no
523	3rd	male	adult	no
524	3rd	male	adult	no
525	3rd	male	adult	no
526	3rd	male	adult	no
527	3rd	male	adult	no
528	3rd	male	adult	no
529	3rd	male	adult	no
530	3rd	male	adult	no
531	3rd	male	adult	no
532	3rd	male	adult	no
533	3rd	male	adult	no
534	3rd	male	adult	no
535	3rd	male	adult	no
536	3rd	male	adult	no
537	3rd	male	adult	no
538	3rd	male	adult	no
539	3rd	male	adult	no
540	3rd	male	adult	no
541	3rd	male	adult	no
542	3rd	male	adult	no
543	3rd	male	adult	no
544	3rd	male	adult	no
545	3rd	male	adult	no
546	3rd	male	adult	no
547	3rd	male	adult	no
548	3rd	male	adult	no
549	3rd	male	adult	no
550	3rd	male	adult	no
551	3rd	male	adult	no
552	3rd	male	adult	no
553	3rd	male	adult	no
554	3rd	male	adult	no
555	3rd	male	adult	no
556	3rd	male	adult	no
557	3rd	male	adult	no
558	3rd	male	adult	no
559	3rd	male	adult	no
560	3rd	male	adult	no
561	3rd	male	adult	no
562	3rd	male	adult	no
563	3rd	male	adult	no
564	3rd	male	adult	no
565	3rd	male	adult	no
566	3rd	male	adult	no
567	3rd	male	adult	no
568	3rd	male	adult	no
569	3rd	male	adult	no
570	3rd	male	adult	no
571	3rd	male	adult	no
572	3rd	male	adult	no
573	3rd	male	adult	no
574	3rd	male	adult	no
575	3rd	male	adult	no
576	3rd	male	adult	no
577	3rd	male	adult	no
578	3rd	male	adult	no
579	3rd	male	adult	no
580	3rd	male	adult	no
581	3rd	male	adult	no
582	3rd	male	adult	no
583	3rd	male	adult	no
584	3rd	male	adult	no
585	3rd	male	adult	no
586	3rd	male	adult	no
587	3rd	male	adult	no
588	3rd	male	adult	no
589	3rd	male	adult	no
590	3rd	male	adult	no
591	3rd	male	adult	no
592	3rd	male	adult	no
593	3rd	male	adult	no
594	3rd	male	adult	no
595	3rd	male	adult	no
596	3rd	male	adult	no
597	3rd	male	adult	no
598	3rd	male	adult	no
599	3rd	male	adult	no
600	3rd	male	adult	no
601	3rd	male	adult	no
602	3rd	male	adult	no
603	3rd	male	adult	no
604	3rd	male	adult	no
605	3rd	male	adult	no
606	3rd	male	adult	no
607	3rd	male	adult	no
608	3rd	male	adult	no
609	3rd	male	adult	no
610	3rd	male	adult	no
611	3rd	male	adult	no
612	3rd	male	adult	no
613	3rd	male	adult	no
614	3rd	male	adult	no
615	3rd	male	adult	no
616	3rd	male	adult	no
617	3rd	male	adult	no
618	3rd	male	adult	no
619	3rd	male	adult	no
620	3rd	male	adult	no
621	3rd	male	adult	no
622	3rd	male	adult	no
623	3rd	male	adult	no
624	3rd	male	adult	no
625	3rd	male	adult	no
626	3rd	male	adult	no
627	3rd	male	adult	no
628	3rd	male	adult	no
629	3rd	male	adult	no
630	3rd	male	adult	no
631	3rd	male	adult	no
632	3rd	male	adult	no
633	3rd	male	adult	no
634	3rd	male	adult	no
635	3rd	male	adult	no
636	3rd	male	adult	no
637	3rd	male	adult	no
638	3rd	male	adult	no
639	3rd	male	adult	no
640	3rd	male	adult	no
641	3rd	male	adult	no
642	3rd	male	adult	no
643	3rd	male	adult	no
644	3rd	male	adult	no
645	3rd	male	adult	no
646	3rd	male	adult	no
647	3rd	male	adult	no
648	3rd	male	adult	no
649	3rd	male	adult	no
650	3rd	male	adult	no
651	3rd	male	adult	no
652	3rd	male	adult	no
653	3rd	male	adult	no
654	3rd	male	adult	no
655	3rd	male	adult	no
656	3rd	male	adult	no
657	3rd	male	adult	no
658	3rd	male	adult	no
659	3rd	male	adult	no
660	3rd	male	adult	no
661	3rd	male	adult	no
662	3rd	male	adult	no
663	3rd	male	adult	no
664	3rd	male	adult	no
665	3rd	male	adult	no
666	3rd	male	adult	no
667	3rd	male	adult	no
668	3rd	male	adult	no
669	3rd	male	adult	no
670	3rd	male	adult	no
671	3rd	male	adult	no
672	3rd	male	adult	no
673	3rd	male	adult	no
674	3rd	male	adult	no
675	3rd	male	adult	no
676	3rd	male	adult	no
677	3rd	male	adult	no
678	3rd	male	adult	no
679	3rd	male	adult	no
680	3rd	male	adult	no
681	3rd	male	adult	no
682	3rd	male	adult	no
683	3rd	male	adult	no
684	3rd	male	adult	no
685	3rd	male	adult	no
686	3rd	male	adult	no
687	3rd	male	adult	no
688	3rd	male	adult	no
689	3rd	male	adult	no
690	3rd	male	adult	no
691	3rd	male	adult	no
692	3rd	male	adult	no
693	3rd	male	adult	no
694	3rd	male	adult	no
695	3rd	male	adult	no
696	3rd	male	adult	no
697	3rd	male	adult	no
698	3rd	male	adult	no
699	3rd	male	adult	no
700	3rd	male	adult	no
701	3rd	male	adult	no
702	3rd	male	adult	no
703	3rd	male	adult	no
704	3rd	male	adult	no
705	3rd	male	adult	no
706	3rd	male	adult	no
707	3rd	male	adult	no
708	3rd	male	adult	no
709	3rd	male	adult	no
710	3rd	male	adult	no
711	3rd	male	adult	no
712	crew	male	adult	no
713	crew	male	adult	no
714	crew	male	adult	no
715	crew	male	adult	no
716	crew	male	adult	no
717	crew	male	adult	no
718	crew	male	adult	no
719	crew	male	adult	no
720	crew	male	adult	no
721	crew	male	adult	no
722	crew	male	adult	no
723	crew	male	adult	no
724	crew	male	adult	no
725	crew	male	adult	no
726	crew	male	adult	no
727	crew	male	adult	no
728	crew	male	adult	no
729	crew	male	adult	no
730	crew	male	adult	no
731	crew	male	adult	no
732	crew	male	adult	no
733	crew	male	adult	no
734	crew	male	adult	no
735	crew	male	adult	no
736	crew	male	adult	no
737	crew	male	adult	no
738	crew	male	adult	no
739	crew	male	adult	no
740	crew	male	adult	no
741	crew	male	adult	no
742	crew	male	adult	no
743	crew	male	adult	no
744	crew	male	adult	no
745	crew	male	adult	no
746	crew	male	adult	no
747	crew	male	adult	no
748	crew	male	adult	no
749	crew	male	adult	no
750	crew	male	adult	no
751	crew	male	adult	no
752	crew	male	adult	no
753	crew	male	adult	no
754	crew	male	adult	no
755	crew	male	adult	no
756	crew	male	adult	no
757	crew	male	adult	no
758	crew	male	adult	no
759	crew	male	adult	no
760	crew	male	adult	no
761	crew	male	adult	no
762	crew	male	adult	no
763	crew	male	adult	no
764	crew	male	adult	no
765	crew	male	adult	no
766	crew	male	adult	no
767	crew	male	adult	no
768	crew	male	adult	no
769	crew	male	adult	no
770	crew	male	adult	no
771	crew	male	adult	no
772	crew	male	adult	no
773	crew	male	adult	no
774	crew	male	adult	no
775	crew	male	adult	no
776	crew	male	adult	no
777	crew	male	adult	no
778	crew	male	adult	no
779	crew	male	adult	no
780	crew	male	adult	no
781	crew	male	adult	no
782	crew	male	adult	no
783	crew	male	adult	no
784	crew	male	adult	no
785	crew	male	adult	no
786	crew	male	adult	no
787	crew	male	adult	no
788	crew	male	adult	no
789	crew	male	adult	no
790	crew	male	adult	no
791	crew	male	adult	no
792	crew	male	adult	no
793	crew	male	adult	no
794	crew	male	adult	no
795	crew	male	adult	no
796	crew	male	adult	no
797	crew	male	adult	no
798	crew	male	adult	no
799	crew	male	adult	no
800	crew	male	adult	no
801	crew	male	adult	no
802	crew	male	adult	no
803	crew	male	adult	no
804	crew	male	adult	no
805	crew	male	adult	no
806	crew	male	adult	no
807	crew	male	adult	no
808	crew	male	adult	no
809	crew	male	adult	no
810	crew	male	adult	no
811	crew	male	adult	no
812	crew	male	adult	no
813	crew	male	adult	no
814	crew	male	adult	no
815	crew	male	adult	no
816	crew	male	adult	no
817	crew	male	adult	no
818	crew	male	adult	no
819	crew	male	adult	no
820	crew	male	adult	no
821	crew	male	adult	no
822	crew	male	adult	no
823	crew	male	adult	no
824	crew	male	adult	no
825	crew	male	adult	no
826	crew	male	adult	no
827	crew	male	adult	no
828	crew	male	adult	no
829	crew	male	adult	no
830	crew	male	adult	no
831	crew	male	adult	no
832	crew	male	adult	no
833	crew	male	adult	no
834	crew	male	adult	no
835	crew	male	adult	no
836	crew	male	adult	no
837	crew	male	adult	no
838	crew	male	adult	no
839	crew	male	adult	no
840	crew	male	adult	no
841	crew	male	adult	no
842	crew	male	adult	no
843	crew	male	adult	no
844	crew	male	adult	no
845	crew	male	adult	no
846	crew	male	adult	no
847	crew	male	adult	no
848	crew	male	adult	no
849	crew	male	adult	no
850	crew	male	adult	no
851	crew	male	adult	no
852	crew	male	adult	no
853	crew	male	adult	no
854	crew	male	adult	no
855	crew	male	adult	no
856	crew	male	adult	no
857	crew	male	adult	no
858	crew	male	adult	no
859	crew	male	adult	no
860	crew	male	adult	no
861	crew	male	adult	no
862	crew	male	adult	no
863	crew	male	adult	no
864	crew	male	adult	no
865	crew	male	adult	no
866	crew	male	adult	no
867	crew	male	adult	no
868	crew	male	adult	no
869	crew	male	adult	no
870	crew	male	adult	no
871	crew	male	adult	no
872	crew	male	adult	no
873	crew	male	adult	no
874	crew	male	adult	no
875	crew	male	adult	no
876	crew	male	adult	no
877	crew	male	adult	no
878	crew	male	adult	no
879	crew	male	adult	no
880	crew	male	adult	no
881	crew	male	adult	no
882	crew	male	adult	no
883	crew	male	adult	no
884	crew	male	adult	no
885	crew	male	adult	no
886	crew	male	adult	no
887	crew	male	adult	no
888	crew	male	adult	no
889	crew	male	adult	no
890	crew	male	adult	no
891	crew	male	adult	no
892	crew	male	adult	no
893	crew	male	adult	no
894	crew	male	adult	no
895	crew	male	adult	no
896	crew	male	adult	no
897	crew	male	adult	no
898	crew	male	adult	no
899	crew	male	adult	no
900	crew	male	adult	no
901	crew	male	adult	no
902	crew	male	adult	no
903	crew	male	adult	no
904	crew	male	adult	no
905	crew	male	adult	no
906	crew	male	adult	no
907	crew	male	adult	no
908	crew	male	adult	no
909	crew	male	adult	no
910	crew	male	adult	no
911	crew	male	adult	no
912	crew	male	adult	no
913	crew	male	adult	no
914	crew	male	adult	no
915	crew	male	adult	no
916	crew	male	adult	no
917	crew	male	adult	no
918	crew	male	adult	no
919	crew	male	adult	no
920	crew	male	adult	no
921	crew	male	adult	no
922	crew	male	adult	no
923	crew	male	adult	no
924	crew	male	adult	no
925	crew	male	adult	no
926	crew	male	adult	no
927	crew	male	adult	no
928	crew	male	adult	no
929	crew	male	adult	no
930	crew	male	adult	no
931	crew	male	adult	no
932	crew	male	adult	no
933	crew	male	adult	no
934	crew	male	adult	no
935	crew	male	adult	no
936	crew	male	adult	no
937	crew	male	adult	no
938	crew	male	adult	no
939	crew	male	adult	no
940	crew	male	adult	no
941	crew	male	adult	no
942	crew	male	adult	no
943	crew	male	adult	no
944	crew	male	adult	no
945	crew	male	adult	no
946	crew	male	adult	no
947	crew	male	adult	no
948	crew	male	adult	no
949	crew	male	adult	no
950	crew	male	adult	no
951	crew	male	adult	no
952	crew	male	adult	no
953	crew	male	adult	no
954	crew	male	adult	no
955	crew	male	adult	no
956	crew	male	adult	no
957	crew	male	adult	no
958	crew	male	adult	no
959	crew	male	adult	no
960	crew	male	adult	no
961	crew	male	adult	no
962	crew	male	adult	no
963	crew	male	adult	no
964	crew	male	adult	no
965	crew	male	adult	no
966	crew	male	adult	no
967	crew	male	adult	no
968	crew	male	adult	no
969	crew	male	adult	no
970	crew	male	adult	no
971	crew	male	adult	no
972	crew	male	adult	no
973	crew	male	adult	no
974	crew	male	adult	no
975	crew	male	adult	no
976	crew	male	adult	no
977	crew	male	adult	no
978	crew	male	adult	no
979	crew	male	adult	no
980	crew	male	adult	no
981	crew	male	adult	no
982	crew	male	adult	no
983	crew	male	adult	no
984	crew	male	adult	no
985	crew	male	adult	no
986	crew	male	adult	no
987	crew	male	adult	no
988	crew	male	adult	no
989	crew	male	adult	no
990	crew	male	adult	no
991	crew	male	adult	no
992	crew	male	adult	no
993	crew	male	adult	no
994	crew	male	adult	no
995	crew	male	adult	no
996	crew	male	adult	no
997	crew	male	adult	no
998	crew	male	adult	no
999	crew	male	adult	no
1000	crew	male	adult	no
1001	crew	male	adult	no
1002	crew	male	adult	no
1003	crew	male	adult	no
1004	crew	male	adult	no
1005	crew	male	adult	no
1006	crew	male	adult	no
1007	crew	male	adult	no
1008	crew	male	adult	no
1009	crew	male	adult	no
1010	crew	male	adult	no
1011	crew	male	adult	no
1012	crew	male	adult	no
1013	crew	male	adult	no
1014	crew	male	adult	no
1015	crew	male	adult	no
1016	crew	male	adult	no
1017	crew	male	adult	no
1018	crew	male	adult	no
1019	crew	male	adult	no
1020	crew	male	adult	no
1021	crew	male	adult	no
1022	crew	male	adult	no
1023	crew	male	adult	no
1024	crew	male	adult	no
1025	crew	male	adult	no
1026	crew	male	adult	no
1027	crew	male	adult	no
1028	crew	male	adult	no
1029	crew	male	adult	no
1030	crew	male	adult	no
1031	crew	male	adult	no
1032	crew	male	adult	no
1033	crew	male	adult	no
1034	crew	male	adult	no
1035	crew	male	adult	no
1036	crew	male	adult	no
1037	crew	male	adult	no
1038	crew	male	adult	no
1039	crew	male	adult	no
1040	crew	male	adult	no
1041	crew	male	adult	no
1042	crew	male	adult	no
1043	crew	male	adult	no
1044	crew	male	adult	no
1045	crew	male	adult	no
1046	crew	male	adult	no
1047	crew	male	adult	no
1048	crew	male	adult	no
1049	crew	male	adult	no
1050	crew	male	adult	no
1051	crew	male	adult	no
1052	crew	male	adult	no
1053	crew	male	adult	no
1054	crew	male	adult	no
1055	crew	male	adult	no
1056	crew	male	adult	no
1057	crew	male	adult	no
1058	crew	male	adult	no
1059	crew	male	adult	no
1060	crew	male	adult	no
1061	crew	male	adult	no
1062	crew	male	adult	no
1063	crew	male	adult	no
1064	crew	male	adult	no
1065	crew	male	adult	no
1066	crew	male	adult	no
1067	crew	male	adult	no
1068	crew	male	adult	no
1069	crew	male	adult	no
1070	crew	male	adult	no
1071	crew	male	adult	no
1072	crew	male	adult	no
1073	crew	male	adult	no
1074	crew	male	adult	no
1075	crew	male	adult	no
1076	crew	male	adult	no
1077	crew	male	adult	no
1078	crew	male	adult	no
1079	crew	male	adult	no
1080	crew	male	adult	no
1081	crew	male	adult	no
1082	crew	male	adult	no
1083	crew	male	adult	no
1084	crew	male	adult	no
1085	crew	male	adult	no
1086	crew	male	adult	no
1087	crew	male	adult	no
1088	crew	male	adult	no
1089	crew	male	adult	no
1090	crew	male	adult	no
1091	crew	male	adult	no
1092	crew	male	adult	no
1093	crew	male	adult	no
1094	crew	male	adult	no
1095	crew	male	adult	no
1096	crew	male	adult	no
1097	crew	male	adult	no
1098	crew	male	adult	no
1099	crew	male	adult	no
1100	crew	male	adult	no
1101	crew	male	adult	no
1102	crew	male	adult	no
1103	crew	male	adult	no
1104	crew	male	adult	no
1105	crew	male	adult	no
1106	crew	male	adult	no
1107	crew	male	adult	no
1108	crew	male	adult	no
1109	crew	male	adult	no
1110	crew	male	adult	no
1111	crew	male	adult	no
1112	crew	male	adult	no
1113	crew	male	adult	no
1114	crew	male	adult	no
1115	crew	male	adult	no
1116	crew	male	adult	no
1117	crew	male	adult	no
1118	crew	male	adult	no
1119	crew	male	adult	no
1120	crew	male	adult	no
1121	crew	male	adult	no
1122	crew	male	adult	no
1123	crew	male	adult	no
1124	crew	male	adult	no
1125	crew	male	adult	no
1126	crew	male	adult	no
1127	crew	male	adult	no
1128	crew	male	adult	no
1129	crew	male	adult	no
1130	crew	male	adult	no
1131	crew	male	adult	no
1132	crew	male	adult	no
1133	crew	male	adult	no
1134	crew	male	adult	no
1135	crew	male	adult	no
1136	crew	male	adult	no
1137	crew	male	adult	no
1138	crew	male	adult	no
1139	crew	male	adult	no
1140	crew	male	adult	no
1141	crew	male	adult	no
1142	crew	male	adult	no
1143	crew	male	adult	no
1144	crew	male	adult	no
1145	crew	male	adult	no
1146	crew	male	adult	no
1147	crew	male	adult	no
1148	crew	male	adult	no
1149	crew	male	adult	no
1150	crew	male	adult	no
1151	crew	male	adult	no
1152	crew	male	adult	no
1153	crew	male	adult	no
1154	crew	male	adult	no
1155	crew	male	adult	no
1156	crew	male	adult	no
1157	crew	male	adult	no
1158	crew	male	adult	no
1159	crew	male	adult	no
1160	crew	male	adult	no
1161	crew	male	adult	no
1162	crew	male	adult	no
1163	crew	male	adult	no
1164	crew	male	adult	no
1165	crew	male	adult	no
1166	crew	male	adult	no
1167	crew	male	adult	no
1168	crew	male	adult	no
1169	crew	male	adult	no
1170	crew	male	adult	no
1171	crew	male	adult	no
1172	crew	male	adult	no
1173	crew	male	adult	no
1174	crew	male	adult	no
1175	crew	male	adult	no
1176	crew	male	adult	no
1177	crew	male	adult	no
1178	crew	male	adult	no
1179	crew	male	adult	no
1180	crew	male	adult	no
1181	crew	male	adult	no
1182	crew	male	adult	no
1183	crew	male	adult	no
1184	crew	male	adult	no
1185	crew	male	adult	no
1186	crew	male	adult	no
1187	crew	male	adult	no
1188	crew	male	adult	no
1189	crew	male	adult	no
1190	crew	male	adult	no
1191	crew	male	adult	no
1192	crew	male	adult	no
1193	crew	male	adult	no
1194	crew	male	adult	no
1195	crew	male	adult	no
1196	crew	male	adult	no
1197	crew	male	adult	no
1198	crew	male	adult	no
1199	crew	male	adult	no
1200	crew	male	adult	no
1201	crew	male	adult	no
1202	crew	male	adult	no
1203	crew	male	adult	no
1204	crew	male	adult	no
1205	crew	male	adult	no
1206	crew	male	adult	no
1207	crew	male	adult	no
1208	crew	male	adult	no
1209	crew	male	adult	no
1210	crew	male	adult	no
1211	crew	male	adult	no
1212	crew	male	adult	no
1213	crew	male	adult	no
1214	crew	male	adult	no
1215	crew	male	adult	no
1216	crew	male	adult	no
1217	crew	male	adult	no
1218	crew	male	adult	no
1219	crew	male	adult	no
1220	crew	male	adult	no
1221	crew	male	adult	no
1222	crew	male	adult	no
1223	crew	male	adult	no
1224	crew	male	adult	no
1225	crew	male	adult	no
1226	crew	male	adult	no
1227	crew	male	adult	no
1228	crew	male	adult	no
1229	crew	male	adult	no
1230	crew	male	adult	no
1231	crew	male	adult	no
1232	crew	male	adult	no
1233	crew	male	adult	no
1234	crew	male	adult	no
1235	crew	male	adult	no
1236	crew	male	adult	no
1237	crew	male	adult	no
1238	crew	male	adult	no
1239	crew	male	adult	no
1240	crew	male	adult	no
1241	crew	male	adult	no
1242	crew	male	adult	no
1243	crew	male	adult	no
1244	crew	male	adult	no
1245	crew	male	adult	no
1246	crew	male	adult	no
1247	crew	male	adult	no
1248	crew	male	adult	no
1249	crew	male	adult	no
1250	crew	male	adult	no
1251	crew	male	adult	no
1252	crew	male	adult	no
1253	crew	male	adult	no
1254	crew	male	adult	no
1255	crew	male	adult	no
1256	crew	male	adult	no
1257	crew	male	adult	no
1258	crew	male	adult	no
1259	crew	male	adult	no
1260	crew	male	adult	no
1261	crew	male	adult	no
1262	crew	male	adult	no
1263	crew	male	adult	no
1264	crew	male	adult	no
1265	crew	male	adult	no
1266	crew	male	adult	no
1267	crew	male	adult	no
1268	crew	male	adult	no
1269	crew	male	adult	no
1270	crew	male	adult	no
1271	crew	male	adult	no
1272	crew	male	adult	no
1273	crew	male	adult	no
1274	crew	male	adult	no
1275	crew	male	adult	no
1276	crew	male	adult	no
1277	crew	male	adult	no
1278	crew	male	adult	no
1279	crew	male	adult	no
1280	crew	male	adult	no
1281	crew	male	adult	no
1282	crew	male	adult	no
1283	crew	male	adult	no
1284	crew	male	adult	no
1285	crew	male	adult	no
1286	crew	male	adult	no
1287	crew	male	adult	no
1288	crew	male	adult	no
1289	crew	male	adult	no
1290	crew	male	adult	no
1291	crew	male	adult	no
1292	crew	male	adult	no
1293	crew	male	adult	no
1294	crew	male	adult	no
1295	crew	male	adult	no
1296	crew	male	adult	no
1297	crew	male	adult	no
1298	crew	male	adult	no
1299	crew	male	adult	no
1300	crew	male	adult	no
1301	crew	male	adult	no
1302	crew	male	adult	no
1303	crew	male	adult	no
1304	crew	male	adult	no
1305	crew	male	adult	no
1306	crew	male	adult	no
1307	crew	male	adult	no
1308	crew	male	adult	no
1309	crew	male	adult	no
1310	crew	male	adult	no
1311	crew	male	adult	no
1312	crew	male	adult	no
1313	crew	male	adult	no
1314	crew	male	adult	no
1315	crew	male	adult	no
1316	crew	male	adult	no
1317	crew	male	adult	no
1318	crew	male	adult	no
1319	crew	male	adult	no
1320	crew	male	adult	no
1321	crew	male	adult	no
1322	crew	male	adult	no
1323	crew	male	adult	no
1324	crew	male	adult	no
1325	crew	male	adult	no
1326	crew	male	adult	no
1327	crew	male	adult	no
1328	crew	male	adult	no
1329	crew	male	adult	no
1330	crew	male	adult	no
1331	crew	male	adult	no
1332	crew	male	adult	no
1333	crew	male	adult	no
1334	crew	male	adult	no
1335	crew	male	adult	no
1336	crew	male	adult	no
1337	crew	male	adult	no
1338	crew	male	adult	no
1339	crew	male	adult	no
1340	crew	male	adult	no
1341	crew	male	adult	no
1342	crew	male	adult	no
1343	crew	male	adult	no
1344	crew	male	adult	no
1345	crew	male	adult	no
1346	crew	male	adult	no
1347	crew	male	adult	no
1348	crew	male	adult	no
1349	crew	male	adult	no
1350	crew	male	adult	no
1351	crew	male	adult	no
1352	crew	male	adult	no
1353	crew	male	adult	no
1354	crew	male	adult	no
1355	crew	male	adult	no
1356	crew	male	adult	no
1357	crew	male	adult	no
1358	crew	male	adult	no
1359	crew	male	adult	no
1360	crew	male	adult	no
1361	crew	male	adult	no
1362	crew	male	adult	no
1363	crew	male	adult	no
1364	crew	male	adult	no
1365	crew	male	adult	no
1366	crew	male	adult	no
1367	crew	male	adult	no
1368	crew	male	adult	no
1369	crew	male	adult	no
1370	crew	male	adult	no
1371	crew	male	adult	no
1372	crew	male	adult	no
1373	crew	male	adult	no
1374	crew	male	adult	no
1375	crew	male	adult	no
1376	crew	male	adult	no
1377	crew	male	adult	no
1378	crew	male	adult	no
1379	crew	male	adult	no
1380	crew	male	adult	no
1381	crew	male	adult	no
1382	1st	female	adult	no
1383	1st	female	adult	no
1384	1st	female	adult	no
1385	1st	female	adult	no
1386	2nd	female	adult	no
1387	2nd	female	adult	no
1388	2nd	female	adult	no
1389	2nd	female	adult	no
1390	2nd	female	adult	no
1391	2nd	female	adult	no
1392	2nd	female	adult	no
1393	2nd	female	adult	no
1394	2nd	female	adult	no
1395	2nd	female	adult	no
1396	2nd	female	adult	no
1397	2nd	female	adult	no
1398	2nd	female	adult	no
1399	3rd	female	adult	no
1400	3rd	female	adult	no
1401	3rd	female	adult	no
1402	3rd	female	adult	no
1403	3rd	female	adult	no
1404	3rd	female	adult	no
1405	3rd	female	adult	no
1406	3rd	female	adult	no
1407	3rd	female	adult	no
1408	3rd	female	adult	no
1409	3rd	female	adult	no
1410	3rd	female	adult	no
1411	3rd	female	adult	no
1412	3rd	female	adult	no
1413	3rd	female	adult	no
1414	3rd	female	adult	no
1415	3rd	female	adult	no
1416	3rd	female	adult	no
1417	3rd	female	adult	no
1418	3rd	female	adult	no
1419	3rd	female	adult	no
1420	3rd	female	adult	no
1421	3rd	female	adult	no
1422	3rd	female	adult	no
1423	3rd	female	adult	no
1424	3rd	female	adult	no
1425	3rd	female	adult	no
1426	3rd	female	adult	no
1427	3rd	female	adult	no
1428	3rd	female	adult	no
1429	3rd	female	adult	no
1430	3rd	female	adult	no
1431	3rd	female	adult	no
1432	3rd	female	adult	no
1433	3rd	female	adult	no
1434	3rd	female	adult	no
1435	3rd	female	adult	no
1436	3rd	female	adult	no
1437	3rd	female	adult	no
1438	3rd	female	adult	no
1439	3rd	female	adult	no
1440	3rd	female	adult	no
1441	3rd	female	adult	no
1442	3rd	female	adult	no
1443	3rd	female	adult	no
1444	3rd	female	adult	no
1445	3rd	female	adult	no
1446	3rd	female	adult	no
1447	3rd	female	adult	no
1448	3rd	female	adult	no
1449	3rd	female	adult	no
1450	3rd	female	adult	no
1451	3rd	female	adult	no
1452	3rd	female	adult	no
1453	3rd	female	adult	no
1454	3rd	female	adult	no
1455	3rd	female	adult	no
1456	3rd	female	adult	no
1457	3rd	female	adult	no
1458	3rd	female	adult	no
1459	3rd	female	adult	no
1460	3rd	female	adult	no
1461	3rd	female	adult	no
1462	3rd	female	adult	no
1463	3rd	female	adult	no
1464	3rd	female	adult	no
1465	3rd	female	adult	no
1466	3rd	female	adult	no
1467	3rd	female	adult	no
1468	3rd	female	adult	no
1469	3rd	female	adult	no
1470	3rd	female	adult	no
1471	3rd	female	adult	no
1472	3rd	female	adult	no
1473	3rd	female	adult	no
1474	3rd	female	adult	no
1475	3rd	female	adult	no
1476	3rd	female	adult	no
1477	3rd	female	adult	no
1478	3rd	female	adult	no
1479	3rd	female	adult	no
1480	3rd	female	adult	no
1481	3rd	female	adult	no
1482	3rd	female	adult	no
1483	3rd	female	adult	no
1484	3rd	female	adult	no
1485	3rd	female	adult	no
1486	3rd	female	adult	no
1487	3rd	female	adult	no
1488	crew	female	adult	no
1489	crew	female	adult	no
1490	crew	female	adult	no
1491	1st	male	child	yes
1492	1st	male	child	yes
1493	1st	male	child	yes
1494	1st	male	child	yes
1495	1st	male	child	yes
1496	2nd	male	child	yes
1497	2nd	male	child	yes
1498	2nd	male	child	yes
1499	2nd	male	child	yes
1500	2nd	male	child	yes
1501	2nd	male	child	yes
1502	2nd	male	child	yes
1503	2nd	male	child	yes
1504	2nd	male	child	yes
1505	2nd	male	child	yes
1506	2nd	male	child	yes
1507	3rd	male	child	yes
1508	3rd	male	child	yes
1509	3rd	male	child	yes
1510	3rd	male	child	yes
1511	3rd	male	child	yes
1512	3rd	male	child	yes
1513	3rd	male	child	yes
1514	3rd	male	child	yes
1515	3rd	male	child	yes
1516	3rd	male	child	yes
1517	3rd	male	child	yes
1518	3rd	male	child	yes
1519	3rd	male	child	yes
1520	1st	female	child	yes
1521	2nd	female	child	yes
1522	2nd	female	child	yes
1523	2nd	female	child	yes
1524	2nd	female	child	yes
1525	2nd	female	child	yes
1526	2nd	female	child	yes
1527	2nd	female	child	yes
1528	2nd	female	child	yes
1529	2nd	female	child	yes
1530	2nd	female	child	yes
1531	2nd	female	child	yes
1532	2nd	female	child	yes
1533	2nd	female	child	yes
1534	3rd	female	child	yes
1535	3rd	female	child	yes
1536	3rd	female	child	yes
1537	3rd	female	child	yes
1538	3rd	female	child	yes
1539	3rd	female	child	yes
1540	3rd	female	child	yes
1541	3rd	female	child	yes
1542	3rd	female	child	yes
1543	3rd	female	child	yes
1544	3rd	female	child	yes
1545	3rd	female	child	yes
1546	3rd	female	child	yes
1547	3rd	female	child	yes
1548	1st	male	adult	yes
1549	1st	male	adult	yes
1550	1st	male	adult	yes
1551	1st	male	adult	yes
1552	1st	male	adult	yes
1553	1st	male	adult	yes
1554	1st	male	adult	yes
1555	1st	male	adult	yes
1556	1st	male	adult	yes
1557	1st	male	adult	yes
1558	1st	male	adult	yes
1559	1st	male	adult	yes
1560	1st	male	adult	yes
1561	1st	male	adult	yes
1562	1st	male	adult	yes
1563	1st	male	adult	yes
1564	1st	male	adult	yes
1565	1st	male	adult	yes
1566	1st	male	adult	yes
1567	1st	male	adult	yes
1568	1st	male	adult	yes
1569	1st	male	adult	yes
1570	1st	male	adult	yes
1571	1st	male	adult	yes
1572	1st	male	adult	yes
1573	1st	male	adult	yes
1574	1st	male	adult	yes
1575	1st	male	adult	yes
1576	1st	male	adult	yes
1577	1st	male	adult	yes
1578	1st	male	adult	yes
1579	1st	male	adult	yes
1580	1st	male	adult	yes
1581	1st	male	adult	yes
1582	1st	male	adult	yes
1583	1st	male	adult	yes
1584	1st	male	adult	yes
1585	1st	male	adult	yes
1586	1st	male	adult	yes
1587	1st	male	adult	yes
1588	1st	male	adult	yes
1589	1st	male	adult	yes
1590	1st	male	adult	yes
1591	1st	male	adult	yes
1592	1st	male	adult	yes
1593	1st	male	adult	yes
1594	1st	male	adult	yes
1595	1st	male	adult	yes
1596	1st	male	adult	yes
1597	1st	male	adult	yes
1598	1st	male	adult	yes
1599	1st	male	adult	yes
1600	1st	male	adult	yes
1601	1st	male	adult	yes
1602	1st	male	adult	yes
1603	1st	male	adult	yes
1604	1st	male	adult	yes
1605	2nd	male	adult	yes
1606	2nd	male	adult	yes
1607	2nd	male	adult	yes
1608	2nd	male	adult	yes
1609	2nd	male	adult	yes
1610	2nd	male	adult	yes
1611	2nd	male	adult	yes
1612	2nd	male	adult	yes
1613	2nd	male	adult	yes
1614	2nd	male	adult	yes
1615	2nd	male	adult	yes
1616	2nd	male	adult	yes
1617	2nd	male	adult	yes
1618	2nd	male	adult	yes
1619	3rd	male	adult	yes
1620	3rd	male	adult	yes
1621	3rd	male	adult	yes
1622	3rd	male	adult	yes
1623	3rd	male	adult	yes
1624	3rd	male	adult	yes
1625	3rd	male	adult	yes
1626	3rd	male	adult	yes
1627	3rd	male	adult	yes
1628	3rd	male	adult	yes
1629	3rd	male	adult	yes
1630	3rd	male	adult	yes
1631	3rd	male	adult	yes
1632	3rd	male	adult	yes
1633	3rd	male	adult	yes
1634	3rd	male	adult	yes
1635	3rd	male	adult	yes
1636	3rd	male	adult	yes
1637	3rd	male	adult	yes
1638	3rd	male	adult	yes
1639	3rd	male	adult	yes
1640	3rd	male	adult	yes
1641	3rd	male	adult	yes
1642	3rd	male	adult	yes
1643	3rd	male	adult	yes
1644	3rd	male	adult	yes
1645	3rd	male	adult	yes
1646	3rd	male	adult	yes
1647	3rd	male	adult	yes
1648	3rd	male	adult	yes
1649	3rd	male	adult	yes
1650	3rd	male	adult	yes
1651	3rd	male	adult	yes
1652	3rd	male	adult	yes
1653	3rd	male	adult	yes
1654	3rd	male	adult	yes
1655	3rd	male	adult	yes
1656	3rd	male	adult	yes
1657	3rd	male	adult	yes
1658	3rd	male	adult	yes
1659	3rd	male	adult	yes
1660	3rd	male	adult	yes
1661	3rd	male	adult	yes
1662	3rd	male	adult	yes
1663	3rd	male	adult	yes
1664	3rd	male	adult	yes
1665	3rd	male	adult	yes
1666	3rd	male	adult	yes
1667	3rd	male	adult	yes
1668	3rd	male	adult	yes
1669	3rd	male	adult	yes
1670	3rd	male	adult	yes
1671	3rd	male	adult	yes
1672	3rd	male	adult	yes
1673	3rd	male	adult	yes
1674	3rd	male	adult	yes
1675	3rd	male	adult	yes
1676	3rd	male	adult	yes
1677	3rd	male	adult	yes
1678	3rd	male	adult	yes
1679	3rd	male	adult	yes
1680	3rd	male	adult	yes
1681	3rd	male	adult	yes
1682	3rd	male	adult	yes
1683	3rd	male	adult	yes
1684	3rd	male	adult	yes
1685	3rd	male	adult	yes
1686	3rd	male	adult	yes
1687	3rd	male	adult	yes
1688	3rd	male	adult	yes
1689	3rd	male	adult	yes
1690	3rd	male	adult	yes
1691	3rd	male	adult	yes
1692	3rd	male	adult	yes
1693	3rd	male	adult	yes
1694	crew	male	adult	yes
1695	crew	male	adult	yes
1696	crew	male	adult	yes
1697	crew	male	adult	yes
1698	crew	male	adult	yes
1699	crew	male	adult	yes
1700	crew	male	adult	yes
1701	crew	male	adult	yes
1702	crew	male	adult	yes
1703	crew	male	adult	yes
1704	crew	male	adult	yes
1705	crew	male	adult	yes
1706	crew	male	adult	yes
1707	crew	male	adult	yes
1708	crew	male	adult	yes
1709	crew	male	adult	yes
1710	crew	male	adult	yes
1711	crew	male	adult	yes
1712	crew	male	adult	yes
1713	crew	male	adult	yes
1714	crew	male	adult	yes
1715	crew	male	adult	yes
1716	crew	male	adult	yes
1717	crew	male	adult	yes
1718	crew	male	adult	yes
1719	crew	male	adult	yes
1720	crew	male	adult	yes
1721	crew	male	adult	yes
1722	crew	male	adult	yes
1723	crew	male	adult	yes
1724	crew	male	adult	yes
1725	crew	male	adult	yes
1726	crew	male	adult	yes
1727	crew	male	adult	yes
1728	crew	male	adult	yes
1729	crew	male	adult	yes
1730	crew	male	adult	yes
1731	crew	male	adult	yes
1732	crew	male	adult	yes
1733	crew	male	adult	yes
1734	crew	male	adult	yes
1735	crew	male	adult	yes
1736	crew	male	adult	yes
1737	crew	male	adult	yes
1738	crew	male	adult	yes
1739	crew	male	adult	yes
1740	crew	male	adult	yes
1741	crew	male	adult	yes
1742	crew	male	adult	yes
1743	crew	male	adult	yes
1744	crew	male	adult	yes
1745	crew	male	adult	yes
1746	crew	male	adult	yes
1747	crew	male	adult	yes
1748	crew	male	adult	yes
1749	crew	male	adult	yes
1750	crew	male	adult	yes
1751	crew	male	adult	yes
1752	crew	male	adult	yes
1753	crew	male	adult	yes
1754	crew	male	adult	yes
1755	crew	male	adult	yes
1756	crew	male	adult	yes
1757	crew	male	adult	yes
1758	crew	male	adult	yes
1759	crew	male	adult	yes
1760	crew	male	adult	yes
1761	crew	male	adult	yes
1762	crew	male	adult	yes
1763	crew	male	adult	yes
1764	crew	male	adult	yes
1765	crew	male	adult	yes
1766	crew	male	adult	yes
1767	crew	male	adult	yes
1768	crew	male	adult	yes
1769	crew	male	adult	yes
1770	crew	male	adult	yes
1771	crew	male	adult	yes
1772	crew	male	adult	yes
1773	crew	male	adult	yes
1774	crew	male	adult	yes
1775	crew	male	adult	yes
1776	crew	male	adult	yes
1777	crew	male	adult	yes
1778	crew	male	adult	yes
1779	crew	male	adult	yes
1780	crew	male	adult	yes
1781	crew	male	adult	yes
1782	crew	male	adult	yes
1783	crew	male	adult	yes
1784	crew	male	adult	yes
1785	crew	male	adult	yes
1786	crew	male	adult	yes
1787	crew	male	adult	yes
1788	crew	male	adult	yes
1789	crew	male	adult	yes
1790	crew	male	adult	yes
1791	crew	male	adult	yes
1792	crew	male	adult	yes
1793	crew	male	adult	yes
1794	crew	male	adult	yes
1795	crew	male	adult	yes
1796	crew	male	adult	yes
1797	crew	male	adult	yes
1798	crew	male	adult	yes
1799	crew	male	adult	yes
1800	crew	male	adult	yes
1801	crew	male	adult	yes
1802	crew	male	adult	yes
1803	crew	male	adult	yes
1804	crew	male	adult	yes
1805	crew	male	adult	yes
1806	crew	male	adult	yes
1807	crew	male	adult	yes
1808	crew	male	adult	yes
1809	crew	male	adult	yes
1810	crew	male	adult	yes
1811	crew	male	adult	yes
1812	crew	male	adult	yes
1813	crew	male	adult	yes
1814	crew	male	adult	yes
1815	crew	male	adult	yes
1816	crew	male	adult	yes
1817	crew	male	adult	yes
1818	crew	male	adult	yes
1819	crew	male	adult	yes
1820	crew	male	adult	yes
1821	crew	male	adult	yes
1822	crew	male	adult	yes
1823	crew	male	adult	yes
1824	crew	male	adult	yes
1825	crew	male	adult	yes
1826	crew	male	adult	yes
1827	crew	male	adult	yes
1828	crew	male	adult	yes
1829	crew	male	adult	yes
1830	crew	male	adult	yes
1831	crew	male	adult	yes
1832	crew	male	adult	yes
1833	crew	male	adult	yes
1834	crew	male	adult	yes
1835	crew	male	adult	yes
1836	crew	male	adult	yes
1837	crew	male	adult	yes
1838	crew	male	adult	yes
1839	crew	male	adult	yes
1840	crew	male	adult	yes
1841	crew	male	adult	yes
1842	crew	male	adult	yes
1843	crew	male	adult	yes
1844	crew	male	adult	yes
1845	crew	male	adult	yes
1846	crew	male	adult	yes
1847	crew	male	adult	yes
1848	crew	male	adult	yes
1849	crew	male	adult	yes
1850	crew	male	adult	yes
1851	crew	male	adult	yes
1852	crew	male	adult	yes
1853	crew	male	adult	yes
1854	crew	male	adult	yes
1855	crew	male	adult	yes
1856	crew	male	adult	yes
1857	crew	male	adult	yes
1858	crew	male	adult	yes
1859	crew	male	adult	yes
1860	crew	male	adult	yes
1861	crew	male	adult	yes
1862	crew	male	adult	yes
1863	crew	male	adult	yes
1864	crew	male	adult	yes
1865	crew	male	adult	yes
1866	crew	male	adult	yes
1867	crew	male	adult	yes
1868	crew	male	adult	yes
1869	crew	male	adult	yes
1870	crew	male	adult	yes
1871	crew	male	adult	yes
1872	crew	male	adult	yes
1873	crew	male	adult	yes
1874	crew	male	adult	yes
1875	crew	male	adult	yes
1876	crew	male	adult	yes
1877	crew	male	adult	yes
1878	crew	male	adult	yes
1879	crew	male	adult	yes
1880	crew	male	adult	yes
1881	crew	male	adult	yes
1882	crew	male	adult	yes
1883	crew	male	adult	yes
1884	crew	male	adult	yes
1885	crew	male	adult	yes
1886	1st	female	adult	yes
1887	1st	female	adult	yes
1888	1st	female	adult	yes
1889	1st	female	adult	yes
1890	1st	female	adult	yes
1891	1st	female	adult	yes
1892	1st	female	adult	yes
1893	1st	female	adult	yes
1894	1st	female	adult	yes
1895	1st	female	adult	yes
1896	1st	female	adult	yes
1897	1st	female	adult	yes
1898	1st	female	adult	yes
1899	1st	female	adult	yes
1900	1st	female	adult	yes
1901	1st	female	adult	yes
1902	1st	female	adult	yes
1903	1st	female	adult	yes
1904	1st	female	adult	yes
1905	1st	female	adult	yes
1906	1st	female	adult	yes
1907	1st	female	adult	yes
1908	1st	female	adult	yes
1909	1st	female	adult	yes
1910	1st	female	adult	yes
1911	1st	female	adult	yes
1912	1st	female	adult	yes
1913	1st	female	adult	yes
1914	1st	female	adult	yes
1915	1st	female	adult	yes
1916	1st	female	adult	yes
1917	1st	female	adult	yes
1918	1st	female	adult	yes
1919	1st	female	adult	yes
1920	1st	female	adult	yes
1921	1st	female	adult	yes
1922	1st	female	adult	yes
1923	1st	female	adult	yes
1924	1st	female	adult	yes
1925	1st	female	adult	yes
1926	1st	female	adult	yes
1927	1st	female	adult	yes
1928	1st	female	adult	yes
1929	1st	female	adult	yes
1930	1st	female	adult	yes
1931	1st	female	adult	yes
1932	1st	female	adult	yes
1933	1st	female	adult	yes
1934	1st	female	adult	yes
1935	1st	female	adult	yes
1936	1st	female	adult	yes
1937	1st	female	adult	yes
1938	1st	female	adult	yes
1939	1st	female	adult	yes
1940	1st	female	adult	yes
1941	1st	female	adult	yes
1942	1st	female	adult	yes
1943	1st	female	adult	yes
1944	1st	female	adult	yes
1945	1st	female	adult	yes
1946	1st	female	adult	yes
1947	1st	female	adult	yes
1948	1st	female	adult	yes
1949	1st	female	adult	yes
1950	1st	female	adult	yes
1951	1st	female	adult	yes
1952	1st	female	adult	yes
1953	1st	female	adult	yes
1954	1st	female	adult	yes
1955	1st	female	adult	yes
1956	1st	female	adult	yes
1957	1st	female	adult	yes
1958	1st	female	adult	yes
1959	1st	female	adult	yes
1960	1st	female	adult	yes
1961	1st	female	adult	yes
1962	1st	female	adult	yes
1963	1st	female	adult	yes
1964	1st	female	adult	yes
1965	1st	female	adult	yes
1966	1st	female	adult	yes
1967	1st	female	adult	yes
1968	1st	female	adult	yes
1969	1st	female	adult	yes
1970	1st	female	adult	yes
1971	1st	female	adult	yes
1972	1st	female	adult	yes
1973	1st	female	adult	yes
1974	1st	female	adult	yes
1975	1st	female	adult	yes
1976	1st	female	adult	yes
1977	1st	female	adult	yes
1978	1st	female	adult	yes
1979	1st	female	adult	yes
1980	1st	female	adult	yes
1981	1st	female	adult	yes
1982	1st	female	adult	yes
1983	1st	female	adult	yes
1984	1st	female	adult	yes
1985	1st	female	adult	yes
1986	1st	female	adult	yes
1987	1st	female	adult	yes
1988	1st	female	adult	yes
1989	1st	female	adult	yes
1990	1st	female	adult	yes
1991	1st	female	adult	yes
1992	1st	female	adult	yes
1993	1st	female	adult	yes
1994	1st	female	adult	yes
1995	1st	female	adult	yes
1996	1st	female	adult	yes
1997	1st	female	adult	yes
1998	1st	female	adult	yes
1999	1st	female	adult	yes
2000	1st	female	adult	yes
2001	1st	female	adult	yes
2002	1st	female	adult	yes
2003	1st	female	adult	yes
2004	1st	female	adult	yes
2005	1st	female	adult	yes
2006	1st	female	adult	yes
2007	1st	female	adult	yes
2008	1st	female	adult	yes
2009	1st	female	adult	yes
2010	1st	female	adult	yes
2011	1st	female	adult	yes
2012	1st	female	adult	yes
2013	1st	female	adult	yes
2014	1st	female	adult	yes
2015	1st	female	adult	yes
2016	1st	female	adult	yes
2017	1st	female	adult	yes
2018	1st	female	adult	yes
2019	1st	female	adult	yes
2020	1st	female	adult	yes
2021	1st	female	adult	yes
2022	1st	female	adult	yes
2023	1st	female	adult	yes
2024	1st	female	adult	yes
2025	1st	female	adult	yes
2026	2nd	female	adult	yes
2027	2nd	female	adult	yes
2028	2nd	female	adult	yes
2029	2nd	female	adult	yes
2030	2nd	female	adult	yes
2031	2nd	female	adult	yes
2032	2nd	female	adult	yes
2033	2nd	female	adult	yes
2034	2nd	female	adult	yes
2035	2nd	female	adult	yes
2036	2nd	female	adult	yes
2037	2nd	female	adult	yes
2038	2nd	female	adult	yes
2039	2nd	female	adult	yes
2040	2nd	female	adult	yes
2041	2nd	female	adult	yes
2042	2nd	female	adult	yes
2043	2nd	female	adult	yes
2044	2nd	female	adult	yes
2045	2nd	female	adult	yes
2046	2nd	female	adult	yes
2047	2nd	female	adult	yes
2048	2nd	female	adult	yes
2049	2nd	female	adult	yes
2050	2nd	female	adult	yes
2051	2nd	female	adult	yes
2052	2nd	female	adult	yes
2053	2nd	female	adult	yes
2054	2nd	female	adult	yes
2055	2nd	female	adult	yes
2056	2nd	female	adult	yes
2057	2nd	female	adult	yes
2058	2nd	female	adult	yes
2059	2nd	female	adult	yes
2060	2nd	female	adult	yes
2061	2nd	female	adult	yes
2062	2nd	female	adult	yes
2063	2nd	female	adult	yes
2064	2nd	female	adult	yes
2065	2nd	female	adult	yes
2066	2nd	female	adult	yes
2067	2nd	female	adult	yes
2068	2nd	female	adult	yes
2069	2nd	female	adult	yes
2070	2nd	female	adult	yes
2071	2nd	female	adult	yes
2072	2nd	female	adult	yes
2073	2nd	female	adult	yes
2074	2nd	female	adult	yes
2075	2nd	female	adult	yes
2076	2nd	female	adult	yes
2077	2nd	female	adult	yes
2078	2nd	female	adult	yes
2079	2nd	female	adult	yes
2080	2nd	female	adult	yes
2081	2nd	female	adult	yes
2082	2nd	female	adult	yes
2083	2nd	female	adult	yes
2084	2nd	female	adult	yes
2085	2nd	female	adult	yes
2086	2nd	female	adult	yes
2087	2nd	female	adult	yes
2088	2nd	female	adult	yes
2089	2nd	female	adult	yes
2090	2nd	female	adult	yes
2091	2nd	female	adult	yes
2092	2nd	female	adult	yes
2093	2nd	female	adult	yes
2094	2nd	female	adult	yes
2095	2nd	female	adult	yes
2096	2nd	female	adult	yes
2097	2nd	female	adult	yes
2098	2nd	female	adult	yes
2099	2nd	female	adult	yes
2100	2nd	female	adult	yes
2101	2nd	female	adult	yes
2102	2nd	female	adult	yes
2103	2nd	female	adult	yes
2104	2nd	female	adult	yes
2105	2nd	female	adult	yes
2106	3rd	female	adult	yes
2107	3rd	female	adult	yes
2108	3rd	female	adult	yes
2109	3rd	female	adult	yes
2110	3rd	female	adult	yes
2111	3rd	female	adult	yes
2112	3rd	female	adult	yes
2113	3rd	female	adult	yes
2114	3rd	female	adult	yes
2115	3rd	female	adult	yes
2116	3rd	female	adult	yes
2117	3rd	female	adult	yes
2118	3rd	female	adult	yes
2119	3rd	female	adult	yes
2120	3rd	female	adult	yes
2121	3rd	female	adult	yes
2122	3rd	female	adult	yes
2123	3rd	female	adult	yes
2124	3rd	female	adult	yes
2125	3rd	female	adult	yes
2126	3rd	female	adult	yes
2127	3rd	female	adult	yes
2128	3rd	female	adult	yes
2129	3rd	female	adult	yes
2130	3rd	female	adult	yes
2131	3rd	female	adult	yes
2132	3rd	female	adult	yes
2133	3rd	female	adult	yes
2134	3rd	female	adult	yes
2135	3rd	female	adult	yes
2136	3rd	female	adult	yes
2137	3rd	female	adult	yes
2138	3rd	female	adult	yes
2139	3rd	female	adult	yes
2140	3rd	female	adult	yes
2141	3rd	female	adult	yes
2142	3rd	female	adult	yes
2143	3rd	female	adult	yes
2144	3rd	female	adult	yes
2145	3rd	female	adult	yes
2146	3rd	female	adult	yes
2147	3rd	female	adult	yes
2148	3rd	female	adult	yes
2149	3rd	female	adult	yes
2150	3rd	female	adult	yes
2151	3rd	female	adult	yes
2152	3rd	female	adult	yes
2153	3rd	female	adult	yes
2154	3rd	female	adult	yes
2155	3rd	female	adult	yes
2156	3rd	female	adult	yes
2157	3rd	female	adult	yes
2158	3rd	female	adult	yes
2159	3rd	female	adult	yes
2160	3rd	female	adult	yes
2161	3rd	female	adult	yes
2162	3rd	female	adult	yes
2163	3rd	female	adult	yes
2164	3rd	female	adult	yes
2165	3rd	female	adult	yes
2166	3rd	female	adult	yes
2167	3rd	female	adult	yes
2168	3rd	female	adult	yes
2169	3rd	female	adult	yes
2170	3rd	female	adult	yes
2171	3rd	female	adult	yes
2172	3rd	female	adult	yes
2173	3rd	female	adult	yes
2174	3rd	female	adult	yes
2175	3rd	female	adult	yes
2176	3rd	female	adult	yes
2177	3rd	female	adult	yes
2178	3rd	female	adult	yes
2179	3rd	female	adult	yes
2180	3rd	female	adult	yes
2181	3rd	female	adult	yes
2182	crew	female	adult	yes
2183	crew	female	adult	yes
2184	crew	female	adult	yes
2185	crew	female	adult	yes
2186	crew	female	adult	yes
2187	crew	female	adult	yes
2188	crew	female	adult	yes
2189	crew	female	adult	yes
2190	crew	female	adult	yes
2191	crew	female	adult	yes
2192	crew	female	adult	yes
2193	crew	female	adult	yes
2194	crew	female	adult	yes
2195	crew	female	adult	yes
2196	crew	female	adult	yes
2197	crew	female	adult	yes
2198	crew	female	adult	yes
2199	crew	female	adult	yes
2200	crew	female	adult	yes
2201	crew	female	adult	yes
